Customer ID,Duration,Purchase Amount,Representative,Date of Call
C0038,72,110,R003,8-Apr-18
C0164,84,0,R003,22-Apr-18
C0137,92,50,R006,25-Jan-18
C0088,96,165,R004,5-Jul-18
C0147,104,65,R003,24-Aug-18
C0248,76,50,R004,19-Aug-18
C0152,72,185,R005,27-Oct-18
C0140,102,140,R003,23-Nov-18
C0154,73,0,R004,16-Dec-18
C0058,94,0,R002,4-Feb-18
C0163,99,170,R002,20-Jul-18
C0252,67,110,R003,3-Aug-18
C0238,72,0,R004,1-Jan-18
C0298,110,0,R005,20-Oct-18
C0098,76,130,R002,1-Mar-18
C0009,76,105,R003,23-May-18
C0279,90,50,R006,21-Apr-18
C0263,103,160,R004,15-Jul-18
C0163,81,0,R007,15-Aug-18
C0049,78,125,R007,8-Nov-18
C0244,76,175,R007,23-May-18
C0083,109,160,R004,1-Apr-18
C0135,121,0,R005,3-Oct-18
C0003,70,60,R006,16-Dec-18
C0094,52,0,R003,28-Nov-18
C0103,103,150,R004,13-Oct-18
C0075,94,115,R007,18-Feb-18
C0166,109,135,R002,3-Mar-18
C0082,116,135,R005,4-Apr-18
C0231,100,80,R004,28-Jul-18
C0224,97,100,R006,6-Oct-18
C0251,139,165,R003,24-Aug-18
C0128,83,190,R001,15-Aug-18
C0004,57,200,R002,19-Apr-18
C0154,113,170,R003,28-Sep-18
C0296,105,170,R006,15-Nov-18
C0172,122,0,R006,12-May-18
C0297,102,55,R005,29-Jun-18
C0229,96,70,R004,27-Sep-18
C0046,122,50,R004,29-Mar-18
C0298,111,170,R003,22-Jan-18
C0052,75,160,R003,26-May-18
C0148,75,100,R006,18-Jul-18
C0047,91,105,R004,10-May-18
C0142,76,55,R007,26-Aug-18
C0130,128,0,R001,16-Jun-18
C0175,115,105,R005,24-Mar-18
C0289,88,170,R006,15-Jan-18
C0298,37,0,R001,12-Jan-18
C0277,88,105,R007,26-Dec-18
C0154,67,135,R007,28-Jul-18
C0159,87,140,R005,27-Oct-18
C0146,71,185,R004,21-Dec-18
C0106,87,75,R003,6-Jul-18
C0231,117,0,R001,1-Jun-18
C0042,93,0,R004,23-Dec-18
C0062,61,115,R002,10-Nov-18
C0151,65,60,R007,28-Jul-18
C0241,94,0,R005,19-Jul-18
C0138,108,135,R002,19-Apr-18
C0265,50,125,R004,14-Sep-18
C0257,113,0,R001,4-Mar-18
C0220,106,110,R005,22-Aug-18
C0177,105,0,R006,20-Jan-18
C0169,85,0,R003,2-Mar-18
C0050,118,120,R006,14-Sep-18
C0100,62,80,R006,26-Jul-18
C0122,100,180,R006,16-Aug-18
C0197,81,195,R001,6-Sep-18
C0248,98,170,R006,11-May-18
C0263,70,110,R007,30-Aug-18
C0206,109,115,R001,3-Nov-18
C0086,110,0,R006,28-Jul-18
C0123,72,140,R006,25-Nov-18
C0280,98,150,R001,5-Jul-18
C0117,74,0,R003,15-Apr-18
C0178,140,145,R001,25-Jul-18
C0242,80,120,R006,13-Jan-18
C0067,126,55,R002,13-Jun-18
C0031,106,170,R001,23-Sep-18
C0269,89,100,R005,15-Jun-18
C0154,66,200,R001,25-Oct-18
C0261,60,65,R006,23-Mar-18
C0214,69,130,R002,1-Apr-18
C0230,84,75,R005,8-Jun-18
C0186,128,160,R007,11-Aug-18
C0251,113,65,R003,22-Jan-18
C0118,121,75,R002,21-Sep-18
C0056,55,125,R001,31-Oct-18
C0258,125,125,R001,29-Jan-18
C0008,128,90,R007,14-Jan-18
C0095,153,125,R002,6-May-18
C0165,124,180,R006,18-May-18
C0118,99,195,R006,1-Mar-18
C0050,121,185,R002,21-Jul-18
C0173,85,85,R007,1-Nov-18
C0138,118,80,R006,21-Jul-18
C0060,105,0,R006,31-Oct-18
C0189,128,0,R007,6-Dec-18
C0036,97,0,R003,16-Nov-18
C0227,100,170,R006,27-Apr-18
C0273,89,190,R007,24-Jun-18
C0282,106,175,R003,6-Dec-18
C0044,70,80,R002,13-Jan-18
C0177,73,50,R002,19-Aug-18
C0294,107,80,R005,7-Oct-18
C0123,109,0,R002,14-Mar-18
C0056,81,70,R004,18-Jan-18
C0083,96,0,R002,16-Mar-18
C0039,111,0,R002,23-Nov-18
C0182,118,85,R005,19-Dec-18
C0071,85,180,R001,8-Jul-18
C0052,94,130,R007,19-Jan-18
C0137,87,130,R002,25-Feb-18
C0037,74,0,R003,16-Nov-18
C0055,48,160,R007,21-Oct-18
C0041,73,0,R001,10-Aug-18
C0128,69,50,R007,1-Sep-18
C0265,103,55,R002,18-May-18
C0092,88,55,R007,20-Apr-18
C0132,99,125,R004,20-May-18
C0277,111,110,R004,26-Jan-18
C0108,84,90,R006,18-Aug-18
C0143,109,155,R004,13-May-18
C0238,99,155,R006,18-Jan-18
C0209,79,130,R001,2-Mar-18
C0069,90,0,R003,5-Feb-18
C0267,100,85,R004,17-Feb-18
C0144,94,75,R007,9-Sep-18
C0238,117,0,R002,1-Jun-18
C0197,112,0,R004,26-Apr-18
C0138,83,180,R004,17-Feb-18
C0126,81,65,R007,31-Aug-18
C0110,91,185,R004,4-Jul-18
C0238,75,175,R002,12-Jul-18
C0228,120,140,R007,1-Nov-18
C0246,91,0,R004,30-May-18
C0028,91,0,R003,7-Jan-18
C0119,75,190,R005,22-Jan-18
C0205,116,175,R004,29-Mar-18
C0283,121,175,R001,24-Feb-18
C0176,86,150,R006,13-May-18
C0269,84,195,R003,18-Jan-18
C0267,67,130,R007,5-Aug-18
C0075,96,100,R001,18-Jul-18
C0285,103,0,R003,25-Apr-18
C0064,81,0,R005,31-Aug-18
C0025,94,190,R006,23-Nov-18
C0019,90,0,R004,18-Aug-18
C0008,80,0,R003,4-Aug-18
C0100,80,50,R005,22-Mar-18
C0126,98,185,R005,19-Feb-18
C0296,47,80,R001,9-Dec-18
C0168,69,75,R003,29-Mar-18
C0048,54,110,R001,29-Jun-18
C0098,112,85,R005,14-Sep-18
C0044,70,200,R003,6-Oct-18
C0174,108,110,R002,20-May-18
C0184,87,0,R004,1-Aug-18
C0291,95,125,R002,26-Sep-18
C0275,107,0,R001,27-Sep-18
C0144,109,80,R005,2-Mar-18
C0276,128,110,R005,21-Dec-18
C0083,58,110,R004,31-Oct-18
C0013,109,115,R004,7-Jul-18
C0001,80,180,R002,19-Sep-18
C0234,97,105,R001,24-Feb-18
C0043,123,0,R004,23-Jun-18
C0050,74,160,R005,19-Feb-18
C0200,50,150,R005,11-Jul-18
C0264,61,165,R002,6-Sep-18
C0248,94,65,R003,11-Aug-18
C0159,106,75,R001,22-Apr-18
C0065,67,155,R006,7-Jul-18
C0162,86,95,R004,29-Aug-18
C0131,95,60,R005,1-Aug-18
C0217,73,165,R003,8-Apr-18
C0169,116,0,R001,5-Feb-18
C0042,107,180,R005,30-Mar-18
C0186,71,100,R004,29-Jan-18
C0082,91,0,R001,20-Apr-18
C0294,111,145,R004,18-Feb-18
C0264,114,85,R004,29-Jun-18
C0154,93,0,R005,8-Nov-18
C0071,67,200,R005,21-Dec-18
C0077,98,0,R002,25-May-18
C0006,73,70,R007,27-Jul-18
C0176,97,140,R002,19-May-18
C0130,100,130,R003,22-Nov-18
C0118,79,135,R007,3-Feb-18
C0297,96,50,R007,17-Jun-18
C0105,52,195,R006,24-Aug-18
C0062,110,50,R001,1-Aug-18
C0196,85,90,R004,14-Dec-18
C0094,79,150,R001,28-Jul-18
C0145,79,125,R004,10-Nov-18
C0273,87,90,R006,8-Aug-18
C0049,118,70,R006,29-Sep-18
C0225,86,0,R005,29-Mar-18
C0293,100,0,R001,19-Feb-18
C0009,96,195,R003,7-Jul-18
C0091,88,200,R004,9-Feb-18
C0180,101,150,R005,17-May-18
C0128,88,0,R002,12-Feb-18
C0080,56,105,R002,12-Apr-18
C0049,113,160,R001,20-Apr-18
C0153,82,95,R001,11-Oct-18
C0073,142,50,R001,1-Aug-18
C0030,80,65,R003,26-Sep-18
C0120,68,180,R002,19-Apr-18
C0204,64,160,R007,8-Jan-18
C0275,132,125,R003,12-Jul-18
C0226,80,145,R007,6-Jan-18
C0042,53,200,R004,31-Aug-18
C0300,99,0,R005,27-Jan-18
C0194,67,0,R006,9-Mar-18
C0144,84,55,R004,7-Mar-18
C0009,120,80,R004,8-Apr-18
C0227,55,90,R006,26-Jan-18
C0060,84,130,R002,10-Nov-18
C0109,99,145,R005,29-Jan-18
C0116,78,175,R007,30-Aug-18
C0227,82,105,R003,7-Jan-18
C0139,77,145,R001,4-Nov-18
C0197,57,0,R007,25-Apr-18
C0208,83,65,R002,5-May-18
C0125,107,60,R002,2-Nov-18
C0004,68,0,R005,11-Jan-18
C0117,131,185,R002,15-Sep-18
C0248,98,55,R004,16-May-18
C0249,110,55,R004,22-Feb-18
C0061,68,100,R007,23-Nov-18
C0092,121,195,R005,2-May-18
C0073,74,75,R001,8-Nov-18
C0219,72,0,R007,14-Dec-18
C0235,62,105,R005,3-Mar-18
C0245,90,90,R007,1-Jan-18
C0008,78,0,R001,22-Dec-18
C0174,111,0,R002,4-Jan-18
C0138,101,100,R001,2-Nov-18
C0255,92,80,R003,1-Mar-18
C0270,104,195,R005,20-Jul-18
C0135,123,75,R005,15-Jan-18
C0291,123,0,R001,22-Jan-18
C0267,83,80,R003,19-May-18
C0194,82,0,R004,17-Mar-18
C0182,128,160,R002,12-May-18
C0178,121,80,R005,26-Apr-18
C0050,91,0,R004,15-Mar-18
C0057,76,190,R005,29-Jan-18
C0252,65,110,R004,27-Sep-18
C0092,71,0,R001,28-Jul-18
C0195,57,65,R005,25-Aug-18
C0042,81,100,R006,25-Oct-18
C0060,92,195,R004,9-Dec-18
C0056,67,100,R002,27-Apr-18
C0109,71,130,R005,24-Feb-18
C0211,99,135,R006,6-Jul-18
C0286,91,160,R005,7-Apr-18
C0296,68,175,R006,14-Dec-18
C0288,112,0,R001,5-Dec-18
C0052,112,130,R003,15-Jan-18
C0067,88,130,R004,16-Aug-18
C0232,79,70,R002,28-Jul-18
C0117,52,120,R006,9-Dec-18
C0247,93,160,R005,16-Dec-18
C0235,58,195,R006,29-Jun-18
C0185,79,0,R005,6-Jul-18
C0112,88,50,R004,23-Dec-18
C0053,79,165,R004,3-Jun-18
C0185,97,180,R004,19-Apr-18
C0235,90,0,R002,26-Dec-18
C0007,97,125,R003,30-Mar-18
C0137,74,0,R004,23-Aug-18
C0159,86,195,R002,1-Apr-18
C0058,111,135,R007,10-Jun-18
C0010,66,0,R007,1-Mar-18
C0237,64,195,R001,7-Dec-18
C0245,106,0,R003,15-Jan-18
C0076,73,115,R003,16-Mar-18
C0170,91,150,R002,10-Nov-18
C0048,71,95,R003,31-Oct-18
C0024,71,145,R003,12-Apr-18
C0039,86,130,R004,31-Oct-18
C0076,74,70,R005,11-Nov-18
C0077,70,90,R001,23-May-18
C0010,107,165,R007,8-Jan-18
C0160,71,115,R005,19-Apr-18
C0180,80,0,R002,6-Jun-18
C0104,36,65,R004,25-Jan-18
C0258,100,60,R002,25-Nov-18
C0085,108,0,R006,4-Nov-18
C0170,54,150,R006,10-May-18
C0206,76,60,R002,30-Sep-18
C0147,105,95,R001,11-Jul-18
C0112,50,145,R007,7-Sep-18
C0116,64,105,R004,16-Aug-18
C0294,77,100,R002,3-Mar-18
C0090,101,155,R007,18-Mar-18
C0184,119,80,R003,19-Oct-18
C0174,129,175,R001,10-Oct-18
C0271,94,0,R004,30-Mar-18
C0298,38,0,R007,27-Oct-18
C0244,109,0,R006,5-Sep-18
C0085,65,140,R004,22-Jun-18
C0276,97,155,R006,12-Jul-18
C0010,50,140,R007,13-Apr-18
C0110,104,180,R005,11-Aug-18
C0071,62,190,R003,29-Mar-18
C0236,38,85,R003,7-Jan-18
C0170,89,195,R007,26-Jan-18
C0290,101,50,R004,16-Dec-18
C0058,124,70,R007,24-Jun-18
C0028,109,100,R004,4-Nov-18
C0290,100,0,R003,18-Oct-18
C0101,113,140,R002,3-May-18
C0292,101,195,R003,18-Aug-18
C0208,115,175,R003,4-Mar-18
C0115,98,160,R001,2-Feb-18
C0148,92,115,R003,5-Apr-18
C0133,53,160,R005,10-May-18
C0188,114,55,R003,19-Dec-18
C0043,103,130,R002,3-Mar-18
C0167,96,100,R005,13-Sep-18
C0189,86,145,R004,29-Jul-18
C0223,101,0,R006,10-Mar-18
C0255,74,145,R007,20-Jun-18
C0263,77,0,R001,24-Mar-18
C0231,103,85,R006,4-Oct-18
C0006,74,110,R002,25-Mar-18
C0214,79,140,R002,30-Nov-18
C0206,49,90,R001,3-Jun-18
C0209,64,175,R006,28-Sep-18
C0274,127,185,R004,7-Nov-18
C0001,121,145,R007,27-Sep-18
C0103,102,135,R004,9-Feb-18
C0299,111,135,R005,5-Feb-18
C0055,77,190,R002,12-Apr-18
C0144,69,0,R005,21-Oct-18
C0163,108,180,R006,28-Nov-18
C0021,63,90,R001,30-Aug-18
C0119,105,190,R004,30-Sep-18
C0233,61,165,R003,23-Mar-18
C0245,108,95,R004,27-Dec-18
C0008,39,135,R005,25-Oct-18
C0300,60,0,R003,7-Jun-18
C0055,74,65,R004,27-Jan-18
C0192,86,110,R003,2-Aug-18
C0295,87,0,R002,13-Apr-18
C0249,129,0,R006,2-Feb-18
C0160,95,0,R006,1-Jul-18
C0001,84,80,R002,9-Aug-18
C0035,98,95,R004,22-Apr-18
C0008,76,0,R006,10-May-18
C0286,76,125,R004,7-Jan-18
C0050,91,0,R007,18-Oct-18
C0125,135,190,R006,26-Aug-18
C0066,95,95,R002,9-Dec-18
C0222,98,195,R007,8-Sep-18
C0079,92,0,R006,29-Nov-18
C0248,70,120,R007,5-Jul-18
C0289,97,50,R005,14-Mar-18
C0247,79,185,R006,5-May-18
C0207,124,115,R002,22-Sep-18
C0193,98,150,R005,3-Jun-18
C0127,110,145,R004,15-Dec-18
C0173,99,0,R007,7-Jun-18
C0207,122,135,R001,22-Apr-18
C0134,116,100,R002,2-May-18
C0041,93,75,R003,2-Nov-18
C0233,76,155,R001,15-Dec-18
C0270,55,160,R005,14-Mar-18
C0035,67,0,R004,1-Feb-18
C0147,66,200,R002,14-Jul-18
C0148,91,70,R006,21-Mar-18
C0174,84,0,R001,1-Mar-18
C0180,57,145,R002,9-Mar-18
C0109,90,145,R005,8-Feb-18
C0186,96,120,R005,7-Jul-18
C0114,117,0,R002,15-Feb-18
C0228,95,70,R006,16-Dec-18
C0249,93,150,R002,8-Jun-18
C0177,72,185,R007,15-Mar-18
C0031,71,145,R002,2-Aug-18
C0055,74,130,R006,15-Dec-18
C0101,52,160,R002,3-Mar-18
C0237,105,135,R001,26-Apr-18
C0051,104,65,R005,26-May-18
C0295,127,165,R003,6-Apr-18
C0115,120,155,R003,28-Apr-18
C0042,77,195,R004,13-Sep-18
C0264,115,110,R001,16-Jun-18
C0231,60,195,R003,2-Mar-18
C0235,117,115,R001,1-Jun-18
C0208,120,200,R007,1-Aug-18
C0183,57,0,R001,25-Feb-18
C0012,69,70,R001,29-Jun-18
C0058,55,170,R007,18-Feb-18
C0272,122,0,R007,8-Aug-18
C0293,105,195,R007,5-Jan-18
C0073,108,135,R002,11-Apr-18
C0041,104,0,R002,17-May-18
C0227,72,140,R003,23-Aug-18
C0270,99,165,R003,30-Mar-18
C0004,62,0,R005,7-Sep-18
C0268,104,195,R005,29-Jul-18
C0211,94,135,R002,9-Feb-18
C0270,64,185,R005,1-Aug-18
C0077,126,100,R002,4-Jul-18
C0055,117,50,R007,26-May-18
C0018,94,55,R006,2-May-18
C0164,54,50,R006,1-Dec-18
C0141,90,135,R003,25-Aug-18
C0298,90,135,R005,6-Dec-18
C0206,93,200,R001,7-Jul-18
C0184,111,120,R006,20-Jan-18
C0280,62,175,R007,18-Nov-18
C0194,121,0,R007,21-Mar-18
C0094,49,125,R002,16-May-18
C0079,119,55,R004,14-Nov-18
C0204,105,0,R001,6-Jun-18
C0277,117,195,R004,4-Mar-18
C0055,104,0,R004,16-Feb-18
C0214,81,0,R001,23-Jun-18
C0029,76,115,R001,5-Jan-18
C0218,106,185,R007,22-Feb-18
C0225,45,60,R001,9-May-18
C0086,69,200,R007,5-Jul-18
C0133,108,115,R003,25-Apr-18
C0205,55,0,R002,19-Apr-18
C0094,81,50,R003,17-May-18
C0118,91,190,R006,4-May-18
C0090,68,185,R005,15-Dec-18
C0024,86,120,R005,16-Dec-18
C0283,91,130,R007,4-Apr-18
C0152,56,60,R005,22-Jun-18
C0228,62,0,R005,26-Aug-18
C0241,114,195,R001,20-Sep-18
C0078,66,0,R005,22-Mar-18
C0019,92,155,R007,2-May-18
C0067,80,185,R004,20-Dec-18
C0255,75,200,R006,8-Sep-18
C0180,53,135,R002,1-Nov-18
C0100,72,90,R004,14-Jan-18
C0072,111,140,R003,29-Aug-18
C0170,94,100,R007,4-Feb-18
C0010,54,110,R003,24-Feb-18
C0028,51,0,R004,1-Jan-18
C0262,101,100,R006,21-Sep-18
C0297,94,175,R006,4-Apr-18
C0045,97,70,R005,30-Sep-18
C0053,60,160,R006,23-Jun-18
C0146,77,150,R004,5-Jan-18
C0300,95,0,R001,2-Dec-18
C0143,82,140,R003,27-Apr-18
C0159,66,130,R005,14-Jan-18
C0075,114,200,R003,23-Nov-18
C0162,86,165,R002,26-Dec-18
C0106,70,95,R003,15-Apr-18
C0211,71,0,R002,8-Mar-18
C0182,93,0,R002,20-Oct-18
C0245,117,65,R005,20-Apr-18
C0226,80,175,R007,11-Apr-18
C0098,81,0,R001,7-Jun-18
C0219,76,75,R005,11-Jul-18
C0111,93,75,R001,11-Feb-18
C0222,82,100,R007,4-Apr-18
C0294,66,0,R007,26-Apr-18
C0052,122,90,R006,25-Nov-18
C0074,99,95,R002,23-Mar-18
C0048,80,150,R005,22-Mar-18
C0292,84,70,R004,4-Oct-18
C0192,102,165,R001,30-May-18
C0069,129,0,R007,13-May-18
C0197,100,0,R001,16-Nov-18
C0004,52,85,R006,27-Jun-18
C0134,107,200,R006,7-Mar-18
C0127,53,0,R003,24-Aug-18
C0014,90,110,R005,30-Dec-18
C0097,81,0,R007,27-Apr-18
C0239,96,150,R002,27-Jul-18
C0003,87,200,R002,20-May-18
C0038,75,200,R001,14-Jul-18
C0202,98,160,R007,7-Sep-18
C0043,135,85,R007,9-Aug-18
C0223,73,0,R001,18-Oct-18
C0102,124,170,R002,1-Feb-18
C0079,74,0,R006,5-May-18
C0204,94,85,R002,12-Dec-18
C0155,79,55,R001,20-Jan-18
C0038,96,0,R005,17-Nov-18
C0260,99,60,R005,13-Oct-18
C0290,103,105,R007,7-Apr-18
C0146,73,170,R002,25-Aug-18
C0002,91,190,R007,15-Nov-18
C0244,57,0,R004,6-Dec-18
C0136,107,55,R004,7-Dec-18
C0072,95,145,R005,18-Oct-18
C0111,93,90,R001,11-Feb-18
C0032,96,0,R007,8-Jan-18
C0134,74,95,R002,7-Apr-18
C0135,84,120,R004,8-Jun-18
C0240,103,110,R005,2-Aug-18
C0120,95,0,R003,9-Nov-18
C0136,82,80,R004,12-Apr-18
C0197,81,0,R004,20-Sep-18
C0078,80,0,R007,22-Jan-18
C0272,39,80,R002,8-Mar-18
C0164,113,60,R001,5-Dec-18
C0132,84,115,R004,20-Jan-18
C0278,95,180,R007,16-Mar-18
C0194,107,185,R001,14-Apr-18
C0085,109,185,R002,8-Jul-18
C0034,58,80,R002,22-Dec-18
C0085,123,90,R007,25-Apr-18
C0058,120,115,R002,9-Mar-18
C0281,74,120,R004,24-Feb-18
C0171,49,0,R006,29-Jan-18
C0203,87,190,R007,7-Oct-18
C0268,78,145,R004,14-Mar-18
C0260,138,160,R001,2-Nov-18
C0226,96,100,R002,2-Feb-18
C0063,102,150,R007,5-Jul-18
C0213,91,155,R003,21-Oct-18
C0055,65,65,R006,9-Dec-18
C0064,114,60,R003,1-Apr-18
C0259,112,0,R002,7-Jul-18
C0025,95,95,R004,24-May-18
C0237,61,75,R004,16-Dec-18
C0070,124,170,R003,7-Mar-18
C0025,102,145,R005,20-Sep-18
C0299,102,75,R004,8-Apr-18
C0199,111,165,R005,30-Nov-18
C0299,103,180,R007,29-Jul-18
C0181,73,85,R007,21-Apr-18
C0215,104,0,R001,27-Jun-18
C0007,113,120,R003,30-Nov-18
C0159,104,195,R003,8-Jul-18
C0137,92,85,R003,16-Mar-18
C0237,96,90,R004,24-Nov-18
C0208,93,65,R006,14-Nov-18
C0031,85,185,R003,12-Oct-18
C0004,106,120,R003,21-Apr-18
C0097,100,175,R002,28-Jun-18
C0059,82,120,R005,18-Jul-18
C0174,88,105,R007,18-Oct-18
C0187,113,115,R002,7-Sep-18
C0006,107,170,R002,19-Jan-18
C0135,79,80,R002,29-Nov-18
C0136,73,85,R002,28-Jul-18
C0100,94,155,R003,4-Nov-18
C0127,67,105,R004,5-Sep-18
C0009,100,70,R002,17-Oct-18
C0241,95,75,R006,26-Dec-18
C0234,83,60,R006,12-Oct-18
C0073,86,95,R006,25-Jul-18
C0117,45,100,R007,29-Dec-18
C0132,102,120,R002,17-Nov-18
C0166,92,145,R002,3-Jun-18
C0206,81,0,R007,17-Feb-18
C0081,72,125,R001,27-Jun-18
C0277,94,0,R002,23-Mar-18
C0190,122,0,R005,24-Aug-18
C0095,92,200,R002,22-Feb-18
C0164,53,140,R005,27-Oct-18
C0109,113,200,R002,21-Oct-18
C0290,97,140,R004,8-Jul-18
C0092,95,80,R002,29-Dec-18
C0059,46,160,R002,5-Jul-18
C0118,92,140,R004,25-Jan-18
C0018,77,0,R007,20-Dec-18
C0270,73,0,R002,23-Sep-18
C0284,80,150,R003,29-Jun-18
C0219,102,115,R001,21-Nov-18
C0262,59,170,R006,19-Oct-18
C0268,106,190,R003,12-Sep-18
C0083,64,115,R004,5-Feb-18
C0025,76,70,R002,2-Jun-18
C0153,63,0,R006,6-Sep-18
C0274,94,65,R002,21-Sep-18
C0103,74,160,R007,17-Nov-18
C0279,66,0,R003,11-Jul-18
C0173,125,65,R001,8-Mar-18
C0288,125,185,R007,2-Feb-18
C0256,79,0,R005,23-May-18
C0218,98,130,R005,7-Mar-18
C0007,86,70,R006,1-Nov-18
C0067,50,160,R001,27-Oct-18
C0033,108,135,R003,22-Aug-18
C0050,72,130,R001,16-Feb-18
C0101,89,170,R006,7-Oct-18
C0257,118,155,R005,21-Apr-18
C0256,85,115,R005,28-Nov-18
C0108,116,200,R007,28-Oct-18
C0194,107,190,R006,5-Oct-18
C0173,109,0,R003,4-Nov-18
C0119,82,195,R005,16-Dec-18
C0042,70,0,R005,17-Feb-18
C0148,79,70,R003,25-May-18
C0240,103,0,R003,29-Aug-18
C0287,84,105,R006,23-May-18
C0203,50,180,R004,15-Mar-18
C0222,82,65,R004,18-Aug-18
C0187,109,0,R005,2-Nov-18
C0184,120,170,R004,25-Feb-18
C0182,99,60,R004,17-Nov-18
C0135,97,100,R004,9-Jun-18
C0295,114,110,R006,27-Sep-18
C0140,100,55,R004,24-Oct-18
C0231,48,0,R005,16-Mar-18
C0136,61,105,R002,15-Feb-18
C0183,127,200,R007,6-Jan-18
C0069,95,95,R007,12-May-18
C0179,77,145,R002,7-Jun-18
C0257,86,90,R004,5-Jan-18
C0156,116,180,R005,10-Jun-18
C0048,60,55,R007,12-Dec-18
C0075,112,115,R005,5-Dec-18
C0033,82,70,R001,25-Nov-18
C0155,76,130,R001,13-Jun-18
C0013,85,170,R001,14-Jul-18
C0044,76,115,R005,19-Sep-18
C0245,55,200,R007,12-Oct-18
C0127,99,115,R006,4-Feb-18
C0028,108,145,R002,8-Nov-18
C0228,55,165,R005,8-Nov-18
C0063,92,105,R003,13-Sep-18
C0201,74,60,R005,1-Dec-18
C0211,125,115,R001,30-May-18
C0071,69,0,R002,18-Mar-18
C0049,92,0,R005,12-Oct-18
C0104,84,180,R006,21-Oct-18
C0046,76,90,R005,20-Jul-18
C0083,66,0,R003,26-May-18
C0116,99,195,R005,6-Apr-18
C0153,120,160,R007,22-Jul-18
C0276,86,0,R007,31-May-18
C0116,102,90,R001,25-Nov-18
C0236,91,95,R001,1-Sep-18
C0071,121,115,R005,20-Jul-18
C0052,115,195,R003,20-Sep-18
C0190,112,195,R006,28-Apr-18
C0254,108,50,R007,19-Sep-18
C0224,56,145,R007,3-Nov-18
C0245,112,65,R006,11-Feb-18
C0068,81,135,R005,27-Sep-18
C0281,104,0,R001,3-Mar-18
C0213,90,170,R007,7-Nov-18
C0062,90,170,R007,23-Aug-18
C0196,97,0,R005,19-May-18
C0001,87,0,R007,13-Oct-18
C0101,77,120,R007,3-Feb-18
C0130,69,90,R003,12-Apr-18
C0255,121,195,R006,10-May-18
C0201,109,160,R006,8-Dec-18
C0030,72,0,R001,9-Feb-18
C0122,71,190,R004,9-Feb-18
C0272,72,75,R006,4-Oct-18
C0014,69,135,R003,22-Sep-18
C0057,104,90,R002,3-Oct-18
C0168,77,190,R002,14-Jun-18
C0097,94,190,R004,1-Sep-18
C0210,127,155,R005,25-Feb-18
C0130,76,200,R007,30-Sep-18
C0144,62,0,R005,30-Dec-18
C0275,87,180,R005,29-Jun-18
C0168,105,150,R004,15-Aug-18
C0208,81,85,R004,31-Aug-18
C0100,122,130,R006,13-Jul-18
C0126,94,160,R007,22-Dec-18
C0165,69,145,R003,13-Jun-18
C0030,106,135,R006,13-Jul-18
C0223,48,55,R002,17-May-18
C0012,84,60,R004,2-Dec-18
C0159,92,0,R003,12-Jan-18
C0132,117,140,R007,5-Jan-18
C0173,134,140,R001,13-Oct-18
C0275,70,0,R006,6-Jun-18
C0036,75,105,R005,22-Nov-18
C0295,62,175,R006,4-Jul-18
C0034,43,150,R004,23-Nov-18
C0047,97,180,R004,29-Jun-18
C0284,113,0,R006,4-Nov-18
C0159,134,60,R003,6-Jul-18
C0088,81,60,R006,19-Feb-18
C0296,45,125,R007,8-Sep-18
C0097,95,140,R007,26-Jan-18
C0082,95,140,R003,18-Apr-18
C0037,115,0,R006,18-Jan-18
C0009,86,125,R004,15-Dec-18
C0284,100,195,R007,11-Oct-18
C0144,82,0,R007,30-Sep-18
C0233,99,180,R007,23-Nov-18
C0136,78,0,R005,18-Jan-18
C0232,107,145,R004,23-Sep-18
C0227,101,180,R001,15-Nov-18
C0003,62,165,R004,15-Nov-18
C0186,45,60,R006,26-Aug-18
C0267,81,0,R006,3-May-18
C0049,57,0,R002,27-Oct-18
C0230,83,120,R003,4-Mar-18
C0149,75,85,R003,11-Mar-18
C0003,47,115,R003,13-Sep-18
C0296,120,65,R002,22-Jul-18
C0104,77,175,R007,19-Sep-18
C0001,95,115,R003,22-Jan-18
C0097,59,0,R004,30-Mar-18
C0298,90,180,R006,28-Sep-18
C0096,75,145,R003,26-Dec-18
C0243,79,175,R001,15-Feb-18
C0129,127,125,R002,23-Dec-18
C0157,71,180,R005,17-Feb-18
C0189,83,170,R001,11-Jan-18
C0166,85,65,R002,8-Mar-18
C0280,113,150,R007,2-Sep-18
C0082,84,120,R002,24-May-18
C0255,123,190,R006,16-Feb-18
C0249,77,70,R005,22-Apr-18
C0198,96,130,R002,28-Mar-18
C0255,87,120,R004,30-Mar-18
C0044,114,0,R007,22-Jan-18
C0235,78,100,R002,10-Nov-18
C0220,83,155,R002,9-Dec-18
C0043,94,55,R005,19-Sep-18
C0091,98,60,R007,19-Jan-18
C0022,112,195,R006,1-Sep-18
C0059,115,140,R005,28-Apr-18
C0109,76,165,R005,24-Jun-18
C0216,123,100,R001,27-Apr-18
C0247,108,135,R006,18-Aug-18
C0053,113,110,R006,26-May-18
C0147,110,170,R006,25-May-18
C0175,73,190,R001,3-Mar-18
C0030,79,115,R007,27-Sep-18
C0189,111,0,R006,11-Jul-18
C0298,85,60,R004,14-Sep-18
C0144,83,185,R005,27-Jun-18
C0044,90,110,R007,15-Feb-18
C0193,85,115,R001,23-Nov-18
C0214,102,155,R002,18-Aug-18
C0231,97,50,R001,8-Aug-18
C0245,91,155,R001,5-Oct-18
C0071,77,125,R003,24-May-18
C0222,148,145,R006,5-Oct-18
C0200,103,160,R005,25-May-18
C0230,124,155,R005,1-Mar-18
C0173,73,165,R007,10-Feb-18
C0048,108,0,R005,8-Aug-18
C0116,67,170,R006,28-Jan-18
C0132,113,200,R007,9-Feb-18
C0197,94,190,R005,20-Dec-18
C0220,84,120,R004,12-Sep-18
C0119,72,120,R002,6-Jul-18
C0286,105,70,R001,29-Apr-18
C0247,89,110,R006,30-May-18
C0169,116,80,R003,4-Oct-18
C0231,70,0,R005,7-Jun-18
C0195,111,80,R006,28-Apr-18
C0274,77,0,R007,28-Jul-18
C0250,121,195,R002,3-Nov-18
C0098,79,75,R003,6-Jun-18
C0078,91,0,R002,9-Sep-18
C0085,65,50,R006,2-Aug-18
C0193,95,0,R005,3-Nov-18
C0254,98,150,R003,9-Jun-18
C0202,87,135,R006,1-Jan-18
C0018,111,135,R006,27-Sep-18
C0232,75,120,R004,7-Apr-18
C0159,114,60,R003,22-Jan-18
C0207,70,180,R004,23-Jun-18
C0269,112,95,R005,21-Mar-18
C0131,113,0,R006,12-Oct-18
C0082,81,125,R005,28-Jun-18
C0168,63,130,R003,21-Dec-18
C0201,68,155,R005,6-Jun-18
C0079,51,190,R002,22-Apr-18
C0186,69,165,R001,11-May-18
C0095,83,110,R001,2-Dec-18
C0012,97,135,R006,29-Aug-18
C0234,92,160,R007,5-Oct-18
C0053,85,70,R001,26-Aug-18
C0089,87,0,R002,30-Sep-18
C0193,94,145,R005,21-Apr-18
C0023,79,90,R004,23-Jun-18
C0190,98,100,R006,11-Jul-18
C0195,87,180,R007,8-Jun-18
C0215,59,0,R001,10-Aug-18
C0061,48,0,R003,27-Jan-18
C0151,83,145,R001,24-Aug-18
C0065,122,0,R004,22-Feb-18
C0170,69,185,R005,2-May-18
C0126,129,55,R001,15-Apr-18
C0102,99,0,R005,28-Jun-18
C0081,64,130,R006,25-Apr-18
C0045,76,105,R005,28-Nov-18
C0145,78,110,R003,22-Feb-18
C0233,84,0,R001,14-Apr-18
C0059,84,150,R006,12-Sep-18
C0030,76,0,R007,24-Nov-18
C0092,60,105,R004,27-Jul-18
C0189,60,195,R005,1-Nov-18
C0153,65,0,R005,7-Nov-18
C0122,91,85,R004,14-Nov-18
C0179,119,125,R004,24-Aug-18
C0008,96,0,R006,11-Jul-18
C0274,39,125,R004,17-Jun-18
C0026,85,175,R001,14-Dec-18
C0158,65,80,R002,27-Jul-18
C0223,93,0,R005,30-Dec-18
C0149,86,0,R001,27-Jul-18
C0027,99,190,R002,22-Apr-18
C0163,66,195,R006,16-Jun-18
C0191,111,0,R006,3-Mar-18
C0093,70,0,R005,14-Jul-18
C0181,67,65,R005,5-Jul-18
C0118,89,130,R006,13-Dec-18
C0272,114,0,R007,3-Mar-18
C0210,118,150,R001,1-Mar-18
C0108,65,135,R001,25-Aug-18
C0080,68,65,R002,15-Sep-18
C0292,79,170,R003,5-Feb-18
C0085,75,100,R006,29-Jul-18
C0075,72,0,R003,1-Jun-18
C0250,173,170,R004,5-Jul-18
C0029,71,0,R001,20-Dec-18
C0275,97,130,R004,15-Mar-18
C0081,103,115,R006,8-Feb-18
C0167,101,0,R007,18-Apr-18
C0283,96,0,R004,4-Apr-18
C0104,108,130,R002,25-Feb-18
C0231,87,70,R007,12-Dec-18
C0180,84,170,R001,24-Mar-18
C0082,60,165,R003,12-Apr-18
C0116,86,0,R002,8-Nov-18
C0159,117,65,R002,3-Nov-18
C0267,80,105,R003,10-Nov-18
C0094,71,135,R005,9-May-18
C0266,86,65,R006,11-Mar-18
C0090,111,185,R002,10-Oct-18
C0099,92,150,R003,4-Nov-18
C0188,73,140,R004,26-Jan-18
C0177,81,150,R006,11-May-18
C0157,99,115,R006,23-Aug-18
C0229,99,50,R003,7-Jan-18
C0091,86,0,R003,13-Apr-18
C0274,83,125,R005,21-Apr-18
C0294,114,110,R001,20-Jun-18
C0300,101,95,R004,29-Aug-18
C0037,93,0,R002,18-Jul-18
C0236,91,110,R002,10-Mar-18
C0070,85,120,R005,29-Sep-18
C0269,113,185,R003,13-May-18
C0056,88,50,R004,17-Nov-18
C0263,122,140,R006,15-Apr-18
C0155,69,185,R005,4-Nov-18
C0029,96,190,R001,23-Aug-18
C0188,126,200,R003,2-Mar-18
C0277,97,175,R005,5-Oct-18
C0229,115,170,R003,10-Aug-18
C0088,58,170,R005,18-Apr-18
C0215,96,175,R004,30-Aug-18
C0157,94,200,R007,14-Jan-18
C0252,117,75,R007,5-Oct-18
C0146,119,140,R005,17-Aug-18
C0054,107,195,R006,11-Jul-18
C0143,96,0,R004,25-Oct-18
C0173,113,165,R004,18-Feb-18
C0014,111,0,R006,11-Feb-18
C0208,83,95,R007,13-Jul-18
C0243,99,55,R002,12-Dec-18
C0026,77,140,R006,15-Dec-18
C0176,96,180,R001,8-Sep-18
C0296,105,140,R003,22-Mar-18
C0300,66,85,R004,30-Nov-18
C0253,111,180,R004,9-Dec-18
C0251,98,155,R005,27-Apr-18
C0142,92,0,R007,13-Oct-18
C0294,97,175,R006,10-May-18
C0138,120,130,R007,16-Mar-18
C0294,86,60,R003,20-Jul-18
C0179,67,0,R001,2-Feb-18
C0049,106,190,R003,13-May-18
C0019,69,110,R006,27-Sep-18
C0070,82,165,R004,9-May-18
C0263,119,70,R004,11-Jan-18
C0094,93,80,R006,25-Apr-18
C0161,78,55,R004,7-Mar-18
C0074,62,85,R003,29-Aug-18
C0262,85,65,R006,24-Mar-18
C0274,88,120,R007,4-Mar-18
C0266,106,185,R004,4-Apr-18
C0282,67,115,R002,16-Feb-18
C0242,81,130,R004,18-Jul-18
C0235,73,125,R001,2-Feb-18
C0081,48,0,R007,23-Aug-18
C0119,129,155,R007,7-Jun-18
C0026,77,150,R004,19-Sep-18
C0044,117,0,R003,31-Aug-18
C0115,115,145,R007,30-Dec-18
C0190,76,0,R003,22-Apr-18
C0034,75,140,R001,18-Mar-18
C0216,90,75,R001,6-Sep-18
C0071,89,85,R001,7-Jan-18
C0148,90,0,R002,29-Sep-18
C0040,74,0,R002,9-Dec-18
C0130,61,140,R005,13-Oct-18
C0248,103,0,R004,14-Jul-18
C0219,121,180,R001,7-Jun-18
C0017,97,175,R003,29-Jun-18
C0240,96,185,R006,25-Aug-18
C0170,88,165,R007,27-Jul-18
C0216,88,150,R006,23-May-18
C0073,124,0,R007,4-Oct-18
C0261,120,0,R004,26-May-18
C0234,80,190,R007,22-Jun-18
C0101,51,155,R004,20-May-18
C0048,87,50,R007,11-Apr-18
C0216,107,190,R007,29-Jul-18
C0264,101,105,R007,24-Aug-18
C0295,82,165,R001,6-May-18
C0181,60,0,R002,20-Sep-18
C0070,110,150,R007,29-Mar-18
C0085,119,55,R006,8-Feb-18
C0002,110,200,R007,29-Mar-18
C0295,98,165,R001,4-Mar-18
C0040,95,70,R004,11-Apr-18
C0193,80,180,R002,2-Mar-18
C0036,119,0,R006,11-Oct-18
C0127,106,190,R006,26-Jul-18
C0299,72,190,R006,28-Nov-18
C0295,96,160,R001,9-Sep-18
C0112,96,195,R001,22-Jan-18
C0011,76,0,R005,24-Feb-18
C0093,52,130,R002,30-Mar-18
C0228,96,65,R001,29-Nov-18
C0296,116,120,R001,18-Feb-18
C0256,115,170,R006,7-Dec-18
C0009,74,100,R003,28-Nov-18
C0127,123,0,R005,7-Sep-18
C0261,85,180,R004,6-Jan-18
C0099,83,195,R007,12-Feb-18
C0225,81,0,R001,15-Nov-18
C0232,101,95,R007,26-Dec-18
C0218,105,0,R006,13-Sep-18
C0080,61,55,R001,16-Aug-18
C0054,72,110,R004,5-Oct-18
C0094,74,140,R001,13-May-18
C0222,123,145,R001,24-May-18
C0019,104,130,R005,5-Jan-18
C0017,112,90,R005,10-Oct-18
C0016,108,90,R004,24-May-18
C0177,72,65,R006,14-Oct-18
C0150,135,0,R004,29-Aug-18
C0155,118,195,R006,1-Sep-18
C0068,102,90,R006,9-Feb-18
C0245,78,165,R001,10-Aug-18
C0287,60,0,R002,1-Jan-18
C0013,80,175,R002,14-Nov-18
C0252,87,0,R007,13-Sep-18
C0048,89,180,R003,14-Apr-18
C0007,90,85,R002,9-Aug-18
C0157,68,95,R003,29-Nov-18
C0001,72,160,R003,8-Aug-18
C0039,92,55,R002,17-Feb-18
C0117,78,75,R006,2-May-18
C0143,104,55,R002,12-Apr-18
C0055,118,0,R002,12-Feb-18
C0038,107,160,R006,28-Jun-18
C0080,54,90,R007,28-Apr-18
C0209,58,0,R006,22-Feb-18
C0186,132,105,R003,25-Aug-18
C0256,62,0,R005,22-Jul-18
C0054,116,0,R005,30-Nov-18
C0184,103,95,R005,1-Nov-18
C0195,108,130,R007,28-Oct-18
C0067,105,85,R003,9-Feb-18
C0279,99,195,R007,19-May-18
C0218,70,195,R006,13-Sep-18
C0260,146,0,R007,1-Jun-18
C0175,85,185,R002,8-Dec-18
C0156,113,140,R002,17-Aug-18
C0028,109,80,R004,15-Apr-18
C0059,86,145,R003,12-Sep-18
C0225,124,150,R002,14-Jun-18
C0288,81,140,R004,6-Jul-18
C0246,59,95,R006,8-Jul-18
C0298,52,55,R005,20-Oct-18
C0158,67,150,R004,23-Sep-18
C0270,128,190,R007,17-Nov-18
C0036,73,65,R006,6-Jun-18
C0029,86,100,R006,24-Aug-18
C0111,126,105,R003,28-Jun-18
C0275,111,95,R001,23-Dec-18
C0009,69,195,R007,23-Jun-18
C0126,69,65,R005,5-Aug-18
C0006,82,50,R007,25-Nov-18
C0276,107,0,R001,6-Jun-18
C0064,116,0,R003,29-Nov-18
C0159,65,105,R007,27-Dec-18
C0026,118,100,R004,14-Dec-18
C0024,86,80,R004,31-Oct-18
C0045,99,190,R002,3-May-18
C0069,67,0,R001,30-May-18
C0067,79,155,R004,9-Nov-18
C0056,130,0,R006,29-Mar-18
C0089,116,0,R005,3-Jun-18
C0220,96,105,R003,20-May-18
C0262,107,140,R004,2-Dec-18
C0215,121,0,R005,7-Dec-18
C0249,112,185,R005,7-Sep-18
C0262,96,0,R007,2-Jun-18
C0030,66,155,R004,4-Nov-18
C0101,102,0,R006,10-Mar-18
C0074,89,160,R005,22-Jan-18
C0244,83,155,R005,14-Nov-18
C0084,83,0,R001,1-Dec-18
C0103,52,185,R001,4-Nov-18
C0053,107,135,R003,12-May-18
C0246,85,150,R002,20-Dec-18
C0106,91,100,R007,8-Feb-18
C0076,107,200,R003,15-Sep-18
C0006,87,110,R001,19-Oct-18
C0218,75,110,R002,8-Jul-18
C0223,134,180,R004,13-Apr-18
C0070,109,115,R001,15-Dec-18
C0084,79,0,R004,1-Dec-18
C0299,117,0,R004,10-Feb-18
C0049,129,85,R003,30-Jun-18
C0229,70,170,R007,30-May-18
C0250,124,120,R002,6-Oct-18
C0131,72,160,R005,7-Jun-18
C0198,117,150,R004,15-Aug-18
C0115,81,180,R007,1-Jun-18
C0114,74,155,R006,1-Feb-18
C0004,85,110,R003,22-Sep-18
C0228,82,150,R007,24-Nov-18
C0261,102,105,R001,30-Aug-18
C0292,98,110,R006,28-Sep-18
C0272,79,55,R004,24-May-18
C0107,73,110,R006,29-Jul-18
C0162,86,55,R004,28-Apr-18
C0166,85,105,R001,28-Sep-18
C0006,70,185,R006,4-Apr-18
C0072,113,50,R002,8-Mar-18
C0224,67,90,R003,25-Aug-18
C0164,87,125,R001,26-Feb-18
C0004,59,110,R004,17-Nov-18
C0239,76,185,R006,26-Aug-18
C0168,66,0,R002,30-May-18
C0115,99,180,R001,9-Sep-18
C0006,62,170,R003,19-May-18
C0125,66,180,R001,1-Mar-18
C0133,99,170,R001,25-Apr-18
C0159,67,0,R003,9-Mar-18
C0248,112,130,R003,8-Jul-18
C0019,122,65,R004,6-Jul-18
C0268,127,0,R005,5-Jul-18
C0262,54,65,R004,8-Sep-18
C0153,61,0,R006,13-May-18
C0157,88,115,R006,21-Jan-18
C0164,95,200,R005,16-Mar-18
C0224,80,0,R003,25-Jul-18
C0034,85,190,R001,2-Sep-18
C0008,98,70,R003,16-Aug-18
C0088,96,140,R003,29-Apr-18
C0039,74,165,R001,1-Sep-18
C0214,88,70,R002,25-May-18
C0237,106,0,R004,27-Apr-18
C0263,134,0,R004,12-Oct-18
C0086,74,0,R006,9-Jun-18
C0230,110,95,R007,3-Nov-18
C0164,105,55,R002,27-Sep-18
C0146,99,190,R004,1-Sep-18
C0052,86,0,R003,1-Aug-18
C0116,73,140,R001,16-Sep-18
C0267,101,110,R001,17-Feb-18
C0164,96,165,R002,29-Dec-18
C0147,88,85,R004,25-Aug-18
C0030,92,95,R003,10-Oct-18
C0141,78,100,R002,14-Apr-18
C0156,119,0,R005,25-Nov-18
C0013,103,0,R001,13-Jan-18
C0270,64,160,R001,25-Mar-18
C0198,70,120,R004,2-Dec-18
C0220,106,90,R003,13-May-18
C0113,104,0,R002,16-Mar-18
C0253,88,110,R005,30-Aug-18
C0092,110,110,R001,28-Nov-18
C0152,62,0,R004,19-May-18
C0050,88,0,R003,18-Aug-18
C0282,66,80,R006,20-Jun-18
C0124,64,90,R004,30-Nov-18
C0125,78,0,R003,26-Jan-18
C0118,108,115,R005,2-Mar-18
C0096,80,195,R005,29-Mar-18
C0200,86,170,R005,11-Mar-18
C0274,66,170,R001,1-Sep-18
C0009,88,70,R003,21-Oct-18
C0044,112,0,R004,27-Sep-18
C0043,67,0,R007,27-Dec-18
C0022,90,150,R001,11-Jan-18
C0107,97,140,R001,7-Dec-18
C0086,100,145,R005,6-Jan-18
C0153,65,0,R006,1-Dec-18
C0164,102,95,R005,7-Apr-18
C0001,70,125,R004,15-Apr-18
C0286,80,195,R002,2-Aug-18
C0002,70,70,R006,4-Mar-18
C0015,98,55,R006,28-Jul-18
C0034,86,65,R003,30-Nov-18
C0056,112,145,R007,26-Feb-18
C0169,74,0,R003,1-Jun-18
C0258,87,170,R003,17-Nov-18
C0277,119,0,R001,17-Oct-18
C0258,112,170,R002,9-Mar-18
C0207,115,170,R001,20-Sep-18
C0120,72,50,R005,19-Sep-18
C0223,96,0,R005,3-May-18
C0116,73,140,R002,23-Dec-18
C0078,99,165,R004,1-Jul-18
C0280,94,125,R004,9-Aug-18
C0155,103,170,R003,14-Jan-18
C0113,61,80,R002,10-Aug-18
C0006,105,115,R001,26-Jul-18
C0073,83,160,R007,11-Mar-18
C0025,120,65,R004,1-Feb-18
C0109,76,0,R005,28-Jul-18
C0043,75,120,R006,22-Dec-18
C0085,89,70,R007,20-Apr-18
C0208,89,60,R003,28-Nov-18
C0069,70,0,R004,4-Apr-18
C0139,119,150,R007,14-Jan-18
C0078,120,80,R003,6-May-18
C0190,52,0,R003,22-Jan-18
C0027,58,190,R004,30-Nov-18
C0266,100,120,R002,20-Sep-18
C0296,112,50,R001,3-Nov-18
C0113,76,180,R002,12-Jul-18
C0061,101,0,R003,19-Oct-18
C0274,91,90,R002,11-May-18
C0198,118,70,R001,13-Sep-18
C0011,120,0,R003,6-Dec-18
C0141,90,200,R002,4-Oct-18
C0033,114,130,R005,12-Dec-18
C0063,124,105,R002,23-Dec-18
C0152,104,90,R002,11-Apr-18
C0193,87,0,R004,18-Aug-18
C0235,110,90,R002,7-Oct-18
C0139,80,200,R003,22-Aug-18
C0195,105,115,R003,1-Sep-18
C0131,80,175,R001,30-Dec-18
C0128,117,0,R004,24-Feb-18
C0255,93,195,R007,19-Sep-18
C0030,112,175,R005,8-Mar-18
C0157,111,160,R004,19-Sep-18
C0141,75,190,R003,18-Jan-18
C0282,69,115,R004,19-Sep-18
C0128,94,0,R002,23-Dec-18
C0298,83,190,R001,17-Aug-18
C0290,51,135,R007,15-Nov-18
C0219,53,155,R002,10-Aug-18
C0283,85,140,R001,20-Dec-18
C0072,100,50,R003,1-Jan-18
C0180,69,0,R003,11-Apr-18
C0169,61,185,R002,15-Sep-18
C0049,140,195,R005,29-Nov-18
C0210,69,195,R004,21-Jan-18
C0254,137,175,R002,28-Nov-18
C0164,103,0,R007,23-Aug-18
C0223,73,125,R006,14-Apr-18
C0062,119,105,R007,19-Jul-18
C0162,94,0,R003,7-Apr-18
C0219,118,95,R006,7-Dec-18
C0165,90,115,R004,6-Jun-18
C0159,70,75,R004,28-Oct-18
C0241,48,145,R006,6-Jan-18
C0054,95,165,R005,21-Sep-18
C0063,115,80,R006,17-Jun-18
C0047,70,80,R006,12-Jan-18
C0286,88,0,R001,10-Jun-18
C0212,80,180,R005,13-Dec-18
C0237,56,170,R006,23-Mar-18
C0278,86,85,R003,31-May-18
C0191,104,190,R007,19-Sep-18
C0217,83,130,R001,23-Nov-18
C0256,96,105,R005,23-Aug-18
C0191,121,190,R001,7-Apr-18
C0046,116,95,R006,4-Apr-18
C0179,61,75,R004,15-Jun-18
C0211,126,55,R002,26-Apr-18
C0174,106,145,R004,23-Mar-18
C0138,46,115,R002,28-Jun-18
C0282,74,0,R004,29-Jun-18
C0075,83,0,R002,29-Sep-18
C0002,58,110,R005,4-Apr-18
C0118,49,200,R005,14-Nov-18
C0181,104,0,R003,2-Aug-18
C0065,105,180,R001,5-Jan-18
C0171,114,200,R003,17-Jun-18
C0279,103,50,R003,9-Dec-18
C0192,78,110,R007,22-Jun-18
C0181,87,0,R007,22-Jun-18
C0095,80,105,R003,20-Sep-18
C0292,116,195,R005,26-Jan-18
C0043,73,150,R007,9-May-18
C0136,129,180,R001,10-Jun-18
C0033,136,160,R002,15-Jun-18
C0170,71,195,R001,26-Aug-18
C0206,94,170,R001,1-Mar-18
C0111,95,130,R005,26-Feb-18
C0173,99,70,R003,29-Jul-18
C0279,91,80,R007,1-Aug-18
C0062,54,75,R005,21-Mar-18
C0128,82,180,R001,27-Apr-18
C0186,109,175,R005,1-Mar-18
C0013,100,140,R003,27-Apr-18
C0272,109,125,R002,30-Nov-18
C0042,36,90,R003,9-Dec-18
C0273,105,160,R004,29-Sep-18
C0287,77,0,R003,29-Mar-18
C0153,93,75,R003,24-Jun-18
C0276,93,140,R001,31-Oct-18
C0104,106,55,R007,10-Jun-18
C0280,87,0,R004,5-Dec-18
C0298,85,145,R001,20-Sep-18
C0088,82,175,R006,22-Mar-18
C0235,96,115,R002,17-Feb-18
C0055,110,165,R006,13-Jul-18
C0160,101,195,R002,28-Apr-18
C0232,88,75,R002,14-Jul-18
C0121,102,160,R002,4-Feb-18
C0190,102,0,R003,28-Nov-18
C0073,85,190,R002,29-Dec-18
C0061,129,70,R003,5-Dec-18
C0290,92,105,R007,11-Jul-18
C0117,63,185,R007,3-Jun-18
C0130,102,80,R005,17-May-18
C0115,100,55,R001,25-Oct-18
C0097,88,175,R007,31-Oct-18
C0143,71,170,R006,8-Feb-18
C0112,89,70,R004,26-Apr-18
C0033,123,170,R001,19-May-18
C0188,85,130,R002,25-Mar-18
C0112,81,90,R004,23-Aug-18
C0067,95,170,R007,1-Jul-18
C0278,87,0,R004,26-Jan-18
C0149,49,200,R005,15-Jul-18
C0189,75,0,R007,11-Jul-18
C0155,64,0,R005,21-Sep-18
C0281,95,140,R004,7-Apr-18
C0104,65,160,R003,25-Feb-18
C0077,115,0,R006,27-Jul-18
C0017,89,115,R003,28-Nov-18
C0293,82,120,R007,19-Dec-18
C0037,87,0,R007,14-Jul-18
C0007,110,0,R005,11-Jan-18
C0074,124,140,R006,30-Dec-18
C0020,97,145,R001,1-Nov-18
C0080,91,90,R001,20-Apr-18
C0072,116,190,R005,19-May-18
C0093,121,140,R001,2-Sep-18
C0028,96,90,R006,11-Nov-18
C0237,100,150,R003,30-Mar-18
C0008,67,110,R006,18-Aug-18
C0142,122,180,R005,6-Jan-18
C0080,110,75,R006,25-Mar-18
C0224,82,130,R003,11-Aug-18
C0040,66,170,R004,26-Dec-18
C0106,115,0,R004,7-Jan-18
C0073,72,150,R003,2-Dec-18
C0203,98,55,R006,30-Nov-18
C0119,85,100,R005,11-Oct-18
C0299,92,0,R004,10-Feb-18
C0038,130,0,R003,18-Jan-18
C0173,81,165,R005,14-Mar-18
C0273,87,165,R001,30-Sep-18
C0016,66,180,R004,3-Mar-18
C0025,127,195,R003,9-Jun-18
C0300,68,175,R004,27-Dec-18
C0007,72,0,R006,18-May-18
C0268,124,110,R006,16-Nov-18
C0221,90,0,R001,1-Aug-18
C0150,44,95,R006,1-Aug-18
C0020,85,100,R003,13-Sep-18
C0299,92,80,R003,2-Aug-18
C0122,103,180,R003,14-Jun-18
C0286,108,185,R002,1-Nov-18
C0043,59,170,R004,28-Oct-18
C0094,86,200,R001,31-Oct-18
C0239,89,0,R001,7-Jan-18
C0047,86,105,R005,28-Apr-18
C0243,70,150,R007,22-Nov-18
C0138,90,180,R005,26-Dec-18
C0216,80,165,R004,5-Jan-18
C0202,79,185,R004,25-Mar-18
C0125,56,165,R002,18-Jan-18
C0142,104,145,R006,5-Feb-18
C0002,95,90,R001,26-Jul-18
C0179,82,85,R005,9-Aug-18
C0208,113,180,R007,11-Aug-18
C0098,100,120,R004,8-Feb-18
C0108,76,195,R001,23-Nov-18
C0069,97,0,R004,28-Apr-18
C0049,74,65,R001,3-May-18
C0268,96,55,R001,7-Mar-18
C0237,79,50,R001,16-Aug-18
C0025,95,190,R005,24-Feb-18
C0107,94,0,R003,16-Aug-18
C0114,64,195,R006,4-Aug-18
C0077,61,160,R002,22-Sep-18
C0036,99,200,R004,11-Aug-18
C0131,66,125,R002,5-Jul-18
C0236,85,120,R005,4-Apr-18
C0256,100,200,R001,26-Aug-18
C0235,99,80,R007,26-Aug-18
C0020,83,165,R004,9-Jun-18
C0288,71,195,R004,3-May-18
C0114,83,155,R001,16-Jun-18
C0130,60,195,R004,9-Aug-18
C0052,93,65,R007,22-Mar-18
C0044,104,60,R002,8-Jun-18
C0236,110,125,R002,27-Dec-18
C0120,126,115,R003,15-Dec-18
C0188,75,175,R004,19-Oct-18
C0237,101,90,R007,25-Jul-18
C0123,79,0,R007,1-Aug-18
C0256,92,60,R004,30-Aug-18
C0227,71,140,R007,19-Oct-18
C0281,71,75,R002,23-Mar-18
C0163,79,115,R003,20-Jan-18
C0083,119,120,R002,15-Sep-18
C0116,84,130,R003,22-Dec-18
C0054,107,110,R007,2-Mar-18
C0188,114,180,R002,2-Aug-18
C0038,97,0,R003,23-Sep-18
C0245,91,180,R004,20-Jun-18
C0187,113,125,R001,19-Aug-18
C0191,113,180,R005,6-Jan-18
C0272,103,80,R007,18-Jul-18
C0214,101,185,R005,16-Jun-18
C0228,34,75,R005,21-Jan-18
C0187,116,0,R005,7-Jun-18
C0160,61,115,R002,18-Apr-18
C0081,97,100,R007,11-Mar-18
C0267,93,120,R006,12-Aug-18
C0300,97,50,R003,20-Jan-18
C0009,77,0,R003,28-Apr-18
C0164,108,180,R001,28-Feb-18
C0039,87,145,R002,3-Jun-18
C0129,135,60,R002,26-May-18
C0078,57,95,R005,6-May-18
C0060,66,0,R003,26-Jul-18
C0275,80,75,R003,14-Jun-18
C0126,64,0,R004,12-Sep-18
C0006,95,170,R004,20-Apr-18
C0267,56,160,R007,17-Aug-18
C0016,45,140,R005,15-Apr-18
C0038,100,125,R006,19-Feb-18
C0075,121,0,R003,20-Jan-18
C0060,65,0,R004,14-Oct-18
C0137,97,195,R004,20-Sep-18
C0259,57,90,R007,9-Mar-18
C0291,61,60,R004,5-May-18
C0013,103,105,R003,8-Nov-18
C0018,120,0,R003,11-Aug-18
C0285,90,170,R001,4-May-18
C0148,81,0,R001,15-Apr-18
C0296,105,0,R003,25-Mar-18
C0165,76,165,R006,19-Apr-18
C0130,115,65,R007,3-Nov-18
C0234,79,140,R005,11-Jan-18
C0033,107,85,R002,11-Feb-18
C0244,137,100,R001,8-Sep-18
C0012,80,180,R004,30-Mar-18
C0268,64,65,R003,9-May-18
C0211,86,120,R003,19-Apr-18
C0054,104,75,R004,22-Nov-18
C0224,118,95,R003,28-Feb-18
C0031,52,140,R005,28-Nov-18
C0149,100,75,R001,28-Nov-18
C0092,66,105,R007,28-Nov-18
C0116,84,185,R007,6-Dec-18
C0203,104,125,R003,5-Jan-18
C0181,76,0,R003,12-Aug-18
C0153,84,125,R005,31-Mar-18
C0046,97,130,R003,23-Mar-18
C0297,111,50,R004,14-Dec-18
C0125,95,140,R003,4-Apr-18
C0266,94,65,R001,6-Sep-18
C0204,74,80,R005,30-Nov-18
C0164,87,0,R007,5-Feb-18
C0173,83,0,R004,9-Sep-18
C0026,97,190,R003,13-Jan-18
C0276,109,0,R002,1-Nov-18
C0056,83,0,R007,15-Aug-18
C0072,99,60,R002,18-Jul-18
C0269,94,65,R004,26-Aug-18
C0154,73,0,R005,14-Apr-18
C0014,127,0,R003,10-Oct-18
C0244,92,185,R004,13-Dec-18
C0273,97,90,R007,5-Dec-18
C0120,99,65,R006,13-Jan-18
C0153,95,185,R006,18-Mar-18
C0059,105,155,R007,26-Apr-18
C0049,80,165,R007,18-Nov-18
C0097,67,115,R002,24-May-18
C0080,109,180,R004,5-Jan-18
C0252,128,120,R004,11-Jul-18
C0216,89,55,R002,2-Mar-18
C0110,110,55,R005,28-Apr-18
C0109,90,185,R001,7-Dec-18
C0023,68,65,R003,11-Apr-18
C0290,65,170,R006,22-Mar-18
C0044,70,135,R001,12-Apr-18
C0188,103,0,R001,23-Jun-18
C0062,108,115,R007,20-Jun-18
C0252,98,0,R001,15-Jan-18
C0002,79,110,R003,24-Mar-18
C0201,84,180,R003,15-Dec-18
C0112,87,0,R005,20-Oct-18
C0297,93,0,R007,23-Mar-18
C0269,86,65,R007,16-Dec-18
C0226,79,180,R005,7-Sep-18
C0182,68,70,R001,6-Sep-18
C0243,104,0,R004,12-Sep-18
C0245,91,95,R007,16-Nov-18
C0244,90,90,R001,30-Sep-18
C0274,96,120,R004,10-May-18
C0084,90,0,R007,9-Jun-18
C0076,106,185,R001,6-Jul-18
C0207,119,125,R004,20-Jun-18
C0045,89,50,R005,5-Jan-18
C0077,107,170,R007,28-Jun-18
C0154,96,0,R003,23-May-18
C0111,62,180,R001,29-Apr-18
C0117,87,110,R004,27-Oct-18
C0242,105,130,R005,1-Sep-18
C0038,55,100,R007,2-Sep-18
C0064,80,125,R007,5-May-18
C0084,102,195,R006,4-Nov-18
C0247,76,190,R001,11-Feb-18
C0291,76,140,R005,19-Feb-18
C0207,97,80,R007,16-May-18
C0164,75,0,R002,21-Dec-18
C0032,110,80,R003,25-Oct-18
C0207,96,0,R003,1-Mar-18
C0169,64,140,R002,26-Aug-18
C0005,82,195,R002,13-Oct-18
C0295,63,100,R001,14-Oct-18
C0227,113,165,R001,2-Sep-18
C0278,76,65,R004,16-Mar-18
C0026,74,120,R006,16-Dec-18
C0184,77,75,R002,7-Mar-18
C0116,123,50,R003,13-Oct-18
C0061,72,0,R005,29-Apr-18
C0221,113,160,R002,10-Oct-18
C0131,61,115,R001,25-Oct-18
C0071,82,65,R002,16-Mar-18
C0053,97,0,R002,19-Dec-18
C0270,69,55,R005,13-Apr-18
C0057,61,0,R007,19-Jan-18
C0111,51,135,R005,13-Jul-18
C0211,75,50,R001,23-Nov-18
C0251,97,155,R007,14-Jul-18
C0292,93,125,R007,28-Jul-18
C0155,99,50,R007,8-Dec-18
C0080,99,0,R003,2-Sep-18
C0220,102,145,R003,15-Jan-18
C0188,122,195,R005,27-Jan-18
C0077,87,0,R005,27-Apr-18
C0129,102,0,R001,4-Nov-18
C0260,96,130,R005,10-May-18
C0093,85,0,R007,22-Nov-18
C0085,106,195,R002,4-Mar-18
C0117,96,160,R006,5-Apr-18
C0059,98,50,R006,8-Feb-18
C0138,86,115,R006,6-Jul-18
C0126,103,100,R001,7-Jun-18
C0138,64,200,R006,24-Aug-18
C0120,86,0,R003,9-Dec-18
C0108,103,170,R002,24-May-18
C0231,90,165,R006,25-Feb-18
C0094,47,0,R007,3-Mar-18
C0065,118,60,R005,17-Aug-18
C0125,104,95,R003,19-Apr-18
C0227,52,130,R007,6-Apr-18
C0212,77,0,R007,16-May-18
C0231,115,150,R001,10-Jun-18
C0089,107,150,R003,16-Sep-18
C0106,82,65,R002,25-Nov-18
C0241,64,160,R003,8-Jun-18
C0028,95,105,R002,14-Nov-18
C0113,94,125,R001,27-Oct-18
C0183,116,115,R001,26-Jan-18
C0124,74,140,R005,30-Aug-18
C0265,115,0,R004,5-May-18
C0209,129,0,R005,3-Oct-18
C0284,90,50,R007,9-Nov-18
C0031,78,65,R002,8-Aug-18
C0019,76,0,R001,16-Dec-18
C0193,129,65,R007,23-Dec-18
C0139,105,0,R007,20-May-18
C0085,94,185,R006,22-Aug-18
C0050,111,0,R003,4-Feb-18
C0008,94,0,R006,24-Jun-18
C0169,52,65,R004,3-Mar-18
C0040,82,90,R002,8-Sep-18
C0061,101,175,R003,3-Jun-18
C0178,105,0,R001,15-Jul-18
C0268,95,115,R003,5-Aug-18
C0052,104,170,R002,7-Sep-18
C0102,95,165,R002,3-Jun-18
C0045,76,55,R002,9-Mar-18
C0206,73,0,R006,6-Sep-18
C0210,88,170,R006,19-Oct-18
C0258,68,65,R007,11-Apr-18
C0114,142,0,R007,14-Sep-18
C0259,106,110,R004,2-Feb-18
C0080,104,150,R005,3-Aug-18
C0198,107,0,R005,13-Sep-18
C0147,89,175,R003,7-Jun-18
C0090,134,115,R002,8-Apr-18
C0202,109,110,R004,17-May-18
C0274,87,105,R006,14-Apr-18
C0275,102,135,R004,1-Apr-18
C0050,75,95,R004,11-Aug-18
C0282,92,110,R007,17-Mar-18
C0058,104,200,R001,27-Jan-18
C0239,99,90,R001,28-Oct-18
C0143,50,0,R007,11-Jul-18
C0205,96,0,R005,25-Nov-18
C0283,74,190,R004,16-Dec-18
C0039,106,170,R003,7-Jan-18
C0020,74,190,R004,23-Mar-18
C0068,131,95,R007,29-Apr-18
C0011,89,185,R005,6-Jun-18
C0126,76,110,R001,26-May-18
C0069,84,60,R006,1-Jan-18
C0281,105,90,R006,8-Dec-18
C0120,99,0,R002,2-Feb-18
C0295,96,55,R004,23-Dec-18
C0251,105,195,R005,6-Apr-18
C0134,112,155,R007,25-Oct-18
C0023,95,60,R005,14-Nov-18
C0028,88,60,R001,30-Mar-18
C0236,99,155,R007,26-Feb-18
C0137,88,135,R002,5-Dec-18
C0247,72,195,R002,18-Aug-18
C0215,103,130,R001,19-Apr-18
C0141,74,0,R001,22-Aug-18
C0287,53,125,R004,22-Feb-18
C0294,94,120,R003,12-Jan-18
C0041,132,190,R004,25-Aug-18
C0119,72,120,R004,29-Jul-18
C0185,123,60,R001,29-Jul-18
C0284,84,60,R002,24-Feb-18
C0280,68,80,R002,21-Jan-18
C0197,76,120,R001,6-Jun-18
C0198,94,135,R007,15-Jun-18
C0110,124,90,R001,12-Oct-18
C0186,112,70,R003,5-Oct-18
C0129,68,75,R003,31-Aug-18
C0150,88,180,R004,22-Jul-18
C0285,127,75,R006,3-Nov-18
C0045,77,155,R007,15-Apr-18
C0062,113,125,R005,15-Mar-18
C0159,127,50,R006,21-Oct-18
C0093,100,100,R002,22-Nov-18
C0291,94,175,R003,14-Dec-18
C0127,84,200,R001,1-Mar-18
C0268,112,120,R005,1-Dec-18
C0027,108,170,R005,21-Nov-18
C0197,129,0,R005,14-Apr-18
C0267,66,190,R005,2-Sep-18
C0129,90,0,R003,15-Nov-18
C0073,96,195,R004,4-Feb-18
C0226,96,105,R001,27-May-18
C0286,106,175,R003,9-Sep-18
C0116,67,125,R006,15-Jul-18
C0083,112,145,R003,24-Mar-18
C0080,94,140,R002,24-Nov-18
C0236,75,140,R004,6-Jun-18
C0079,107,0,R004,3-Mar-18
C0037,77,140,R001,26-Sep-18
C0300,91,155,R003,13-Jun-18
C0190,71,125,R006,7-Jun-18
C0171,60,150,R001,5-Dec-18
C0269,68,195,R006,9-May-18
C0143,58,75,R003,14-Jan-18
C0123,111,140,R001,23-Nov-18
C0121,82,80,R007,11-Nov-18
C0078,103,80,R001,24-Aug-18
C0140,83,0,R005,15-Jun-18
C0202,73,0,R001,28-Feb-18
C0249,110,0,R001,7-Sep-18
C0199,93,115,R003,18-Aug-18
C0257,95,95,R005,25-Mar-18
C0170,127,55,R006,21-Mar-18
C0146,77,130,R004,25-Feb-18
C0145,80,170,R002,1-Aug-18
C0173,83,175,R002,24-Mar-18
C0254,78,160,R003,5-Jan-18
C0135,50,55,R007,25-Nov-18
C0108,74,190,R002,20-Jan-18
C0172,101,105,R001,4-Mar-18
C0286,85,190,R006,23-May-18
C0190,49,130,R002,14-Jun-18
C0117,69,0,R002,16-Dec-18
C0224,96,110,R004,16-Mar-18
C0094,92,175,R006,5-Sep-18
C0158,85,175,R005,18-Mar-18
C0001,102,105,R001,4-Jan-18
C0187,69,190,R001,14-Jun-18
C0281,80,0,R004,30-Dec-18
C0225,101,120,R006,19-Jul-18
C0147,95,60,R004,16-Dec-18
C0034,68,55,R007,26-May-18
C0047,36,85,R002,18-Aug-18
C0241,61,195,R003,18-Mar-18
C0077,66,100,R007,9-Feb-18
C0188,89,190,R002,23-Aug-18
C0171,78,130,R005,31-May-18
C0297,69,140,R004,22-Mar-18
C0231,76,0,R006,19-Sep-18
C0158,89,0,R003,29-Mar-18
C0244,122,65,R006,5-Apr-18
C0010,128,140,R005,20-Dec-18
C0047,93,170,R001,1-Jan-18
C0005,74,160,R006,21-Jan-18
C0259,118,185,R007,7-Jan-18
C0154,110,125,R004,1-Jul-18
C0113,67,140,R002,1-Jun-18
C0234,76,90,R005,11-Oct-18
C0100,97,50,R005,15-Dec-18
C0262,82,190,R005,19-Jan-18
C0088,82,175,R001,10-Oct-18
C0016,57,50,R004,21-Nov-18
C0053,132,60,R005,11-Oct-18
C0054,109,170,R003,6-May-18
C0054,82,145,R007,14-Jun-18
C0021,97,165,R002,7-Dec-18
C0033,130,55,R003,18-Aug-18
C0284,89,90,R005,20-Oct-18
C0275,78,195,R007,19-Apr-18
C0118,92,155,R004,19-May-18
C0218,59,0,R007,6-May-18
C0266,85,0,R001,7-Jun-18
C0151,62,160,R006,26-Feb-18
C0177,66,0,R005,11-Oct-18
C0209,117,55,R004,23-Aug-18
C0227,97,55,R004,18-Aug-18
C0264,106,150,R001,26-Sep-18
C0097,100,140,R007,15-Jan-18
C0073,97,145,R005,13-Jun-18
C0049,76,160,R004,5-Aug-18
C0199,79,175,R007,18-Mar-18
C0272,77,105,R005,31-May-18
C0086,118,0,R002,30-Nov-18
C0109,72,175,R005,26-Jan-18
C0287,82,190,R001,15-Sep-18
C0229,85,75,R007,17-May-18
C0112,69,0,R006,9-Dec-18
C0191,78,95,R002,15-Nov-18
C0078,77,60,R003,14-Sep-18
C0022,113,75,R007,30-Nov-18
C0169,107,95,R007,25-Jul-18
C0216,116,0,R002,21-Mar-18
C0204,94,155,R002,10-Nov-18
C0270,122,135,R001,18-Nov-18
C0136,79,0,R006,12-Oct-18
C0111,93,70,R001,12-Apr-18
C0178,86,100,R004,28-Nov-18
C0008,102,0,R004,26-Oct-18
C0206,85,65,R001,7-Dec-18
C0130,94,80,R006,12-Feb-18
C0170,109,70,R007,1-Aug-18
C0177,88,0,R001,8-Nov-18
C0046,112,0,R003,6-Jan-18
C0126,93,0,R003,18-Jul-18
C0267,95,0,R005,15-Feb-18
C0061,59,0,R001,28-Sep-18
C0083,72,105,R003,16-Jun-18
C0163,109,95,R007,28-Feb-18
C0239,115,160,R001,5-May-18
C0147,99,90,R003,12-Aug-18
C0242,73,0,R005,30-May-18
C0106,103,200,R003,15-Feb-18
C0100,93,150,R003,22-Sep-18
C0191,91,140,R004,27-Jun-18
C0158,105,145,R003,5-Aug-18
C0154,91,160,R004,12-Sep-18
C0230,86,0,R006,4-Jul-18
C0037,70,170,R005,15-Mar-18
C0118,82,100,R003,27-Dec-18
C0061,134,65,R003,25-Aug-18
C0244,75,70,R006,26-Aug-18
C0158,125,80,R002,12-Jul-18
C0151,102,105,R001,27-Dec-18
C0224,109,65,R007,11-Nov-18
C0078,108,105,R003,5-May-18
C0004,70,0,R003,6-Sep-18
C0085,110,115,R003,23-May-18
C0147,53,95,R003,6-Oct-18
C0113,97,180,R004,25-Feb-18
C0262,101,0,R007,1-Dec-18
C0268,116,155,R004,12-Jul-18
C0212,83,180,R007,1-Jun-18
C0096,78,65,R005,11-Mar-18
C0057,77,55,R007,17-May-18
C0282,67,150,R007,13-Jul-18
C0189,89,70,R004,6-May-18
C0293,91,60,R007,17-May-18
C0242,89,130,R003,1-Apr-18
C0094,89,50,R003,20-Jan-18
C0195,90,80,R005,2-Sep-18
C0142,80,150,R005,31-May-18
C0146,44,145,R004,5-Jul-18
C0215,90,0,R003,23-Mar-18
C0292,76,140,R003,16-Sep-18
C0072,100,95,R007,26-Jul-18
C0243,113,0,R001,28-Dec-18
C0292,80,140,R003,15-Jun-18
C0093,74,125,R006,11-Jan-18
C0036,107,0,R003,15-Jan-18
C0053,103,170,R001,22-Apr-18
C0147,71,50,R003,28-Feb-18
C0075,82,175,R002,4-Jul-18
C0021,80,80,R004,7-Nov-18
C0157,104,75,R004,5-Jul-18
C0282,73,0,R002,27-Apr-18
C0046,100,100,R002,16-Mar-18
C0036,70,85,R006,4-Jan-18
C0129,90,180,R003,16-Feb-18
C0043,120,65,R007,7-Jul-18
C0092,86,120,R006,19-Jan-18
C0020,77,85,R006,8-Nov-18
C0005,137,0,R004,20-Jan-18
C0168,90,115,R005,30-Sep-18
C0161,91,55,R004,22-Dec-18
C0062,96,0,R002,22-Jun-18
C0221,123,90,R004,14-Mar-18
C0011,64,175,R004,16-Feb-18
C0132,94,0,R001,26-May-18
C0152,73,80,R002,27-Jan-18
C0133,55,105,R003,20-May-18
C0095,108,55,R002,22-Dec-18
C0293,97,165,R003,4-Jul-18
C0238,100,55,R002,5-Jul-18
C0037,93,0,R003,7-Jul-18
C0205,95,0,R006,16-May-18
C0130,115,65,R002,15-Jul-18
C0248,102,180,R007,11-Jan-18
C0011,103,70,R004,21-Jul-18
C0145,96,85,R007,22-Jun-18
C0269,60,150,R004,16-Nov-18
C0086,107,100,R001,21-Oct-18
C0131,129,95,R007,22-Mar-18
C0173,86,200,R003,5-May-18
C0019,67,55,R002,8-Jun-18
C0126,91,165,R007,11-Oct-18
C0121,106,105,R005,30-Dec-18
C0165,120,195,R003,23-Dec-18
C0074,120,140,R006,16-Feb-18
C0027,103,95,R003,17-Jun-18
C0259,115,55,R006,27-Jul-18
C0190,54,130,R001,26-Aug-18
C0235,71,190,R002,19-Sep-18
C0133,101,65,R006,20-Oct-18
C0175,105,0,R007,27-Oct-18
C0007,93,115,R007,16-Dec-18
C0033,105,130,R003,25-Nov-18
C0171,68,0,R007,5-Feb-18
C0208,56,100,R002,13-Jun-18
C0099,101,200,R002,4-Oct-18
C0218,108,130,R002,6-Jun-18
C0059,119,0,R002,23-Jun-18
C0289,102,0,R002,11-Aug-18
C0010,73,135,R006,6-Jan-18
C0286,100,0,R002,8-Nov-18
C0041,91,0,R002,28-Jan-18
C0139,103,90,R001,12-Oct-18
C0049,78,100,R005,7-Jan-18
C0177,98,175,R005,22-Feb-18
C0297,99,60,R001,20-Jan-18
C0036,98,165,R007,24-Mar-18
C0042,55,95,R004,15-Nov-18
C0199,109,90,R001,9-Sep-18
C0281,104,0,R002,21-Jul-18
C0195,80,180,R004,7-Jan-18
C0197,116,120,R007,20-Apr-18
C0215,103,100,R002,19-Sep-18
C0218,86,65,R003,12-Sep-18
C0108,80,70,R005,8-Jan-18
C0078,64,185,R007,14-Sep-18
C0242,161,170,R002,4-Apr-18
C0155,114,100,R004,22-Jan-18
C0006,85,170,R003,21-Mar-18
C0285,98,150,R001,24-Feb-18
C0230,91,180,R006,24-Feb-18
C0011,88,125,R005,27-Sep-18
C0237,85,170,R007,28-Oct-18
C0206,96,75,R005,10-Jun-18
C0241,76,175,R004,22-Jul-18
C0162,110,155,R005,28-Apr-18
C0010,85,105,R001,6-Apr-18
C0273,73,100,R002,20-Jan-18
C0095,106,70,R005,27-Dec-18
C0146,114,100,R003,26-Feb-18
C0025,104,165,R003,22-Nov-18
C0001,96,155,R001,27-Jun-18
C0029,96,150,R007,9-Dec-18
C0008,114,175,R005,23-Jun-18
C0031,103,125,R007,8-Apr-18
C0246,83,70,R007,26-Jul-18
C0197,136,180,R001,29-Mar-18
C0107,89,140,R001,7-Nov-18
C0061,100,200,R006,11-Jul-18
C0092,75,150,R001,21-Jan-18
C0153,69,130,R007,13-Jul-18
C0079,107,0,R006,28-Sep-18
C0132,106,0,R006,31-Mar-18
C0173,99,175,R006,30-Jun-18
C0060,117,0,R006,25-May-18
C0105,92,190,R004,3-Feb-18
C0031,82,115,R007,3-Aug-18
C0185,83,115,R002,15-Mar-18
C0174,109,160,R001,5-Dec-18
C0178,103,190,R006,30-Sep-18
C0148,81,0,R007,8-Jan-18
C0004,116,110,R007,5-Jan-18
C0128,77,0,R006,12-Aug-18
C0121,87,0,R001,4-Jan-18
C0076,97,95,R006,26-Aug-18
C0231,115,195,R006,11-Aug-18
C0123,54,195,R001,19-May-18
C0152,90,0,R004,19-Oct-18
C0015,107,200,R004,24-Jun-18
C0227,72,75,R002,22-Apr-18
C0001,96,55,R003,1-Feb-18
C0054,99,0,R007,5-Jan-18
C0105,84,200,R007,23-Sep-18
C0264,72,170,R004,4-Feb-18
C0029,110,110,R007,30-Sep-18
C0082,106,0,R007,2-Dec-18
C0013,100,120,R003,1-Jan-18
C0286,106,160,R003,8-Sep-18
C0159,108,80,R007,13-Oct-18
C0033,77,80,R007,12-May-18
C0188,68,50,R006,27-Jun-18
C0225,132,140,R007,23-Feb-18
C0194,86,150,R002,11-May-18
C0185,77,0,R001,20-Oct-18
C0131,95,90,R001,7-Dec-18
C0218,82,165,R004,10-Oct-18
C0172,75,60,R001,7-Jul-18
C0050,148,125,R006,5-Jan-18
C0026,97,140,R003,20-Apr-18
C0154,131,105,R005,6-Sep-18
C0039,119,130,R002,1-Dec-18
C0096,74,200,R006,20-Jun-18
C0234,75,130,R002,10-Mar-18
C0211,96,185,R007,15-Apr-18
C0049,105,100,R002,21-Jun-18
C0100,65,55,R003,6-May-18
C0142,73,150,R004,14-Jun-18
C0099,134,0,R001,18-Nov-18
C0055,84,60,R003,7-Mar-18
C0221,85,180,R005,27-May-18
C0039,111,0,R001,20-Jun-18
C0214,92,105,R006,6-Jul-18
C0207,61,50,R006,30-Jun-18
C0120,109,160,R005,28-Mar-18
C0067,79,140,R006,19-Apr-18
C0099,56,145,R006,17-Jun-18
C0073,88,0,R002,25-Feb-18
C0271,120,55,R007,9-Dec-18
C0091,92,80,R007,28-Nov-18
C0096,82,120,R007,30-Sep-18
C0215,79,120,R006,27-May-18
C0147,55,115,R006,6-Jun-18
C0041,88,190,R001,8-Jun-18
C0295,91,0,R003,5-May-18
C0140,93,80,R004,28-Apr-18
C0029,108,180,R005,17-Aug-18
C0144,106,55,R004,16-Sep-18
C0013,88,0,R004,23-Mar-18
C0066,79,0,R005,24-Mar-18
C0048,88,0,R003,14-Mar-18
C0205,114,75,R003,7-Oct-18
C0190,110,110,R001,20-Dec-18
C0043,96,115,R007,11-Nov-18
C0109,107,145,R003,4-Aug-18
C0161,92,55,R001,8-Sep-18
C0075,121,180,R003,28-Nov-18
C0098,81,130,R003,21-Apr-18
C0015,79,95,R002,26-Apr-18
C0242,90,200,R004,1-Mar-18
C0274,112,0,R002,18-Apr-18
C0215,98,200,R004,14-Sep-18
C0191,47,175,R004,1-Feb-18
C0263,90,150,R001,21-Dec-18
C0125,73,0,R003,2-Sep-18
C0270,97,55,R005,2-Aug-18
C0179,80,0,R002,29-Sep-18
C0149,97,80,R004,3-May-18
C0197,86,200,R007,26-Dec-18
C0112,68,140,R001,27-Jun-18
C0129,91,135,R003,13-Dec-18
C0008,52,150,R007,24-Oct-18
C0051,74,0,R007,27-Sep-18
C0168,96,175,R005,16-Nov-18
C0167,109,120,R001,5-Apr-18
C0259,147,185,R004,28-Oct-18
C0002,103,0,R001,28-Dec-18
C0296,142,70,R006,16-Jun-18
C0233,86,145,R007,16-Jun-18
C0035,108,180,R005,26-Jan-18
C0227,77,125,R007,7-Mar-18
C0173,54,175,R006,6-Jan-18
C0080,94,190,R006,7-Apr-18
C0090,87,50,R005,27-Jun-18
C0253,82,155,R001,29-Mar-18
C0245,118,75,R003,8-Sep-18
C0184,101,135,R003,12-Sep-18
C0156,74,55,R006,9-Nov-18
C0232,90,200,R003,24-Mar-18
C0056,82,55,R007,13-Oct-18
C0270,65,0,R003,1-Apr-18
C0286,89,145,R003,14-Apr-18
C0022,90,0,R001,15-Jul-18
C0225,103,160,R005,13-Dec-18
C0226,105,100,R006,9-Nov-18
C0035,97,0,R007,22-Sep-18
C0158,107,70,R003,22-Jun-18
C0137,80,160,R007,20-Jan-18
C0224,98,0,R005,23-Sep-18
C0149,101,185,R002,1-Mar-18
C0155,102,115,R003,4-Nov-18
C0013,61,70,R006,24-Feb-18
C0233,110,60,R006,19-Jul-18
C0017,100,80,R004,10-Mar-18
C0144,84,0,R005,14-Mar-18
C0018,102,170,R005,11-Apr-18
C0298,84,145,R005,14-Dec-18
C0292,77,195,R001,12-Feb-18
C0077,100,50,R001,23-Nov-18
C0142,94,0,R003,1-Feb-18
C0257,58,185,R004,5-May-18
C0277,96,120,R005,21-Mar-18
C0269,65,80,R004,22-Dec-18
C0259,74,175,R005,30-May-18
C0231,70,115,R004,9-Feb-18
C0006,107,0,R001,15-Apr-18
C0143,48,0,R005,17-Oct-18
C0236,73,100,R007,24-May-18
C0285,103,0,R007,5-Dec-18
C0290,96,60,R005,8-Dec-18
C0108,73,60,R003,29-Nov-18
C0164,85,0,R001,6-Jun-18
C0109,80,85,R005,25-Mar-18
C0234,71,90,R004,15-Feb-18
C0103,100,135,R004,18-Apr-18
C0100,106,90,R001,15-Sep-18
C0261,78,80,R003,27-Jan-18
C0284,67,145,R002,14-Oct-18
C0008,73,155,R003,31-Mar-18
C0226,106,0,R004,21-Apr-18
C0149,72,200,R006,10-May-18
C0057,79,80,R002,19-Dec-18
C0205,71,0,R003,22-Jun-18
C0205,105,160,R001,3-Aug-18
C0124,101,190,R004,1-Sep-18
C0036,102,95,R001,7-Dec-18
C0148,69,170,R003,13-Dec-18
C0121,130,70,R006,9-Sep-18
C0251,96,165,R003,24-Nov-18
C0191,86,155,R002,8-Jan-18
C0137,88,0,R005,13-Jun-18
C0095,85,90,R002,20-Jun-18
C0050,93,150,R004,26-Dec-18
C0110,63,95,R004,13-Apr-18
C0059,81,100,R007,14-Jan-18
C0247,104,165,R004,8-Jun-18
C0011,84,65,R002,16-Mar-18
C0191,101,175,R002,23-Feb-18
C0129,64,80,R007,29-Jun-18
C0242,99,75,R006,14-Sep-18
C0259,73,0,R006,15-Jun-18
C0236,63,155,R007,4-Jul-18
C0018,94,65,R005,23-Dec-18
C0270,121,0,R004,1-Jun-18
C0027,81,105,R004,6-Jan-18
C0082,104,85,R004,18-Apr-18
C0294,87,175,R002,27-Dec-18
C0182,107,0,R007,3-Nov-18
C0008,87,60,R002,11-Aug-18
C0269,95,140,R001,5-Oct-18
C0292,102,180,R002,11-Jan-18
C0240,79,0,R001,24-Nov-18
C0275,92,0,R003,31-Oct-18
C0240,89,100,R003,11-Mar-18
C0189,96,130,R006,12-Oct-18
C0171,79,55,R006,27-Dec-18
C0275,134,0,R002,14-Jun-18
C0157,74,140,R006,23-May-18
C0260,117,0,R007,9-Sep-18
C0179,62,195,R005,27-Jul-18
C0036,65,0,R005,11-Jul-18
C0287,120,80,R006,19-Jan-18
C0078,106,95,R005,11-Jan-18
C0057,119,95,R006,5-May-18
C0165,117,75,R001,29-Sep-18
C0163,68,0,R003,21-Oct-18
C0267,103,55,R004,30-Aug-18
C0014,93,0,R003,23-Aug-18
C0150,79,95,R003,5-Jul-18
C0122,93,170,R005,4-Nov-18
C0279,100,110,R002,1-Jul-18
C0227,68,155,R003,12-Apr-18
C0253,106,0,R001,6-Jul-18
C0245,108,70,R006,11-Oct-18
C0047,71,50,R002,24-May-18
C0203,100,50,R001,17-Nov-18
C0051,94,170,R001,5-Feb-18
C0186,85,110,R005,11-Nov-18
C0162,50,85,R007,10-Aug-18
C0084,88,115,R007,16-Dec-18
C0029,102,65,R001,16-Feb-18
C0252,79,145,R006,18-Nov-18
C0088,105,185,R006,30-Sep-18
C0285,110,100,R002,16-Mar-18
C0069,83,105,R005,27-Jan-18
C0074,86,170,R006,24-Mar-18
C0298,87,50,R001,29-Jan-18
C0051,76,0,R003,8-Aug-18
C0227,122,105,R002,20-Jan-18
C0227,84,65,R001,28-Dec-18
C0197,71,85,R002,30-Aug-18
C0283,100,125,R001,1-Mar-18
C0198,80,85,R005,24-Jun-18
C0260,97,0,R003,18-Apr-18
C0235,97,155,R005,18-May-18
C0002,95,130,R006,9-Mar-18
C0117,97,200,R007,13-Jul-18
C0216,157,170,R002,31-Mar-18
C0214,63,0,R004,21-Sep-18
C0193,85,170,R002,6-Dec-18
C0139,112,140,R001,7-Apr-18
C0104,66,190,R006,1-Aug-18
C0251,114,115,R001,7-Jun-18
C0244,106,85,R003,1-Jan-18
C0291,107,200,R007,8-Aug-18
C0056,82,190,R002,10-May-18
C0140,56,115,R002,27-Jul-18
C0050,93,180,R003,5-Feb-18
C0152,72,80,R005,29-Mar-18
C0238,78,145,R003,16-Mar-18
C0126,75,185,R007,13-Jun-18
C0192,94,0,R007,16-Dec-18
C0264,100,0,R003,26-Apr-18
C0220,90,130,R005,16-Nov-18
C0088,113,115,R002,6-Dec-18
C0052,129,165,R003,27-Sep-18
C0106,109,165,R002,20-May-18
C0185,102,180,R004,28-Jun-18
C0050,79,95,R005,8-Apr-18
C0243,127,180,R003,14-Jun-18
C0003,75,55,R003,13-May-18
C0037,90,200,R001,27-Jan-18
C0146,48,150,R002,9-Nov-18
C0083,131,85,R004,12-Sep-18
C0079,86,0,R002,3-Jun-18
C0215,79,105,R006,11-May-18
C0093,90,125,R003,13-Jul-18
C0006,88,90,R005,1-Jul-18
C0139,102,155,R002,22-Sep-18
C0182,67,165,R005,28-Jan-18
C0230,98,105,R007,30-Nov-18
C0282,85,90,R002,16-Dec-18
C0152,103,115,R006,23-Nov-18
C0111,93,150,R006,22-Jan-18
C0104,135,150,R005,19-Jul-18
C0113,101,170,R004,17-Oct-18
C0200,56,105,R002,7-Sep-18
C0044,62,50,R006,16-Sep-18
C0014,137,160,R006,17-Jun-18
C0033,117,125,R001,16-Dec-18
C0073,92,0,R001,5-Oct-18
C0194,96,160,R006,2-Aug-18
C0003,95,195,R004,28-Feb-18
C0183,108,180,R003,4-Aug-18
C0022,68,60,R004,1-Jun-18
C0267,87,75,R006,26-Jul-18
C0234,64,0,R003,19-Feb-18
C0057,90,175,R001,2-Sep-18
C0015,96,70,R006,15-Dec-18
C0159,66,0,R005,20-Jan-18
C0071,118,155,R005,24-Nov-18
C0261,79,175,R007,15-Feb-18
C0135,54,175,R001,4-Jan-18
C0136,93,0,R005,20-Dec-18
C0083,67,70,R006,4-Oct-18
C0037,92,135,R007,14-Oct-18
C0182,117,85,R002,11-May-18
C0170,100,160,R007,6-Jul-18
C0043,86,0,R004,25-Aug-18
C0219,72,0,R004,13-Jun-18
C0159,62,190,R003,4-Nov-18
C0116,110,200,R001,5-Aug-18
C0179,107,175,R003,19-Feb-18
C0163,50,95,R005,7-Dec-18
C0213,124,195,R001,23-Feb-18
C0180,123,0,R003,8-Jul-18
C0147,131,165,R001,13-Jan-18
C0258,111,110,R005,27-Dec-18
C0239,75,115,R001,30-Aug-18
C0067,98,0,R001,17-Jun-18
C0121,119,0,R006,18-Feb-18
C0072,78,0,R005,28-Oct-18
C0269,107,90,R003,22-Aug-18
C0117,86,80,R003,9-May-18
C0169,74,110,R005,21-Sep-18
C0063,86,190,R004,17-Oct-18
C0214,137,0,R007,5-Dec-18
C0202,67,170,R002,2-Sep-18
C0227,76,160,R007,2-Mar-18
C0046,89,50,R007,16-Sep-18
C0026,88,150,R005,8-Jun-18
C0195,88,70,R003,30-Aug-18
C0287,107,0,R005,1-Feb-18
C0154,55,165,R007,30-Aug-18
C0026,102,55,R005,13-Jan-18
C0079,72,190,R002,24-Aug-18
C0140,86,115,R007,4-Feb-18
C0177,98,155,R004,26-Feb-18
C0064,74,150,R003,21-Apr-18
C0248,73,65,R007,17-Oct-18
C0004,46,0,R006,1-Jul-18
C0228,98,105,R007,22-Aug-18
C0026,132,125,R005,1-Feb-18
C0234,100,50,R004,25-Aug-18
C0117,82,0,R007,21-Apr-18
C0163,106,65,R005,13-Apr-18
C0266,53,50,R002,21-Jan-18
C0122,109,150,R001,9-May-18
C0047,139,0,R002,29-Nov-18
C0072,98,80,R005,11-Feb-18
C0161,120,0,R003,14-Mar-18
C0021,84,120,R001,11-May-18
C0165,64,65,R002,11-Oct-18
C0134,93,0,R007,22-Jan-18
C0086,92,80,R006,17-Mar-18
C0098,90,80,R007,12-May-18
C0217,78,60,R006,14-Apr-18
C0060,105,195,R006,21-Jun-18
C0293,120,155,R006,14-Nov-18
C0038,94,95,R004,7-Dec-18
C0131,82,0,R001,19-Apr-18
C0023,94,115,R005,10-Mar-18
C0232,103,145,R001,3-Oct-18
C0274,127,0,R001,31-Aug-18
C0271,76,0,R002,9-Aug-18
C0006,99,160,R006,28-Jul-18
C0076,117,65,R005,5-Jan-18
C0185,123,60,R003,21-Sep-18
C0122,76,0,R004,25-Apr-18
C0166,113,195,R003,10-Aug-18
C0102,102,115,R005,21-Dec-18
C0295,79,195,R002,28-Jun-18
C0109,61,130,R004,1-Jun-18
C0286,80,95,R003,17-Nov-18
C0288,81,0,R005,22-Mar-18
C0139,110,110,R007,1-Mar-18
C0277,89,95,R001,19-Sep-18
C0183,90,55,R006,30-Nov-18
C0090,72,115,R005,14-Oct-18
C0024,119,60,R001,20-Dec-18
C0127,107,50,R006,21-Nov-18
C0139,90,70,R001,10-May-18
C0169,102,165,R007,16-Sep-18
C0255,106,0,R002,28-Jul-18
C0075,42,70,R004,4-Jul-18
C0148,71,75,R006,21-Mar-18
C0293,67,125,R004,16-Jun-18
C0026,100,150,R006,6-Jul-18
C0121,129,0,R003,12-Aug-18
C0210,93,105,R007,9-Dec-18
C0132,99,165,R001,13-Dec-18
C0284,97,110,R002,15-Dec-18
C0242,116,180,R004,6-Jan-18
C0190,48,0,R006,19-May-18
C0149,113,0,R003,9-Sep-18
C0059,71,135,R001,30-May-18
C0023,112,70,R005,23-Sep-18
C0251,99,110,R001,4-Nov-18
C0271,84,140,R004,31-Oct-18
C0277,79,90,R005,13-Oct-18
C0239,76,155,R004,25-Feb-18
C0039,111,115,R004,7-Dec-18
C0030,100,65,R001,27-May-18
C0187,64,120,R003,8-Nov-18
C0112,90,130,R003,19-Jan-18
C0067,100,155,R003,15-Jan-18
C0107,94,145,R005,19-Oct-18
C0129,86,60,R006,12-Oct-18
C0163,77,90,R006,16-Dec-18
C0138,94,175,R001,23-Jun-18
C0125,109,0,R005,28-Jun-18
C0260,122,200,R006,24-Jun-18
C0171,66,50,R002,23-Sep-18
C0239,104,50,R003,12-Dec-18
C0129,92,105,R003,11-May-18
C0062,68,115,R006,12-Apr-18
C0014,96,0,R003,24-May-18
C0257,107,105,R003,14-Sep-18
C0096,38,140,R003,13-Dec-18
C0216,103,110,R004,21-Apr-18
C0255,68,135,R007,28-Jan-18
C0002,97,70,R003,26-Apr-18
C0275,112,90,R001,4-Jul-18
C0207,65,145,R001,20-Sep-18
C0051,73,115,R002,7-Mar-18
C0037,115,50,R005,18-Nov-18
C0128,71,125,R002,25-Jan-18
C0002,97,80,R005,27-May-18
C0116,115,0,R001,23-Sep-18
C0139,92,175,R005,19-May-18
C0154,116,165,R006,1-Sep-18
C0102,113,85,R005,30-Sep-18
C0180,70,0,R002,18-Jul-18
C0001,93,0,R006,5-Jul-18
C0188,112,0,R007,28-Dec-18
C0003,76,200,R005,17-Feb-18
C0053,104,120,R004,11-Jul-18
C0211,65,0,R007,20-Dec-18
C0253,55,185,R004,1-Jul-18
C0161,92,175,R001,29-Jan-18
C0190,85,115,R004,16-May-18
C0189,66,190,R002,4-Apr-18
C0268,63,95,R004,20-Jul-18
C0210,116,0,R001,18-Nov-18
C0028,130,80,R006,12-May-18
C0283,99,160,R006,4-Jul-18
C0242,84,100,R002,23-Nov-18
C0253,74,105,R007,12-Apr-18
C0094,61,100,R006,18-Apr-18
C0158,93,0,R004,16-Aug-18
C0197,84,175,R006,21-Mar-18
C0119,81,50,R007,14-Oct-18
C0137,93,0,R002,8-Jul-18
C0126,75,165,R003,29-Dec-18
C0212,102,180,R001,2-Jun-18
C0070,91,115,R004,29-Jun-18
C0036,106,130,R004,6-Apr-18
C0212,102,130,R001,14-Oct-18
C0216,79,165,R007,2-Jun-18
C0131,126,130,R001,27-Jan-18
C0254,92,105,R004,22-Aug-18
C0186,97,70,R001,16-Mar-18
C0158,129,60,R002,6-Jan-18
C0181,98,110,R007,2-Aug-18
C0139,83,190,R006,23-Aug-18
C0234,70,50,R005,17-Mar-18
C0043,82,60,R007,1-Dec-18
C0212,79,135,R002,10-Jun-18
C0228,85,125,R004,22-Jun-18
C0220,100,105,R007,18-Feb-18
C0158,85,185,R005,29-Dec-18
C0137,94,115,R006,22-Aug-18
C0185,92,115,R005,2-May-18
C0166,81,0,R002,13-Apr-18
C0107,112,195,R005,20-Jun-18
C0151,83,0,R006,16-Aug-18
C0243,73,130,R005,28-Jun-18
C0249,79,95,R003,7-Jan-18
C0169,94,0,R001,11-Mar-18
C0274,74,75,R007,13-May-18
C0155,85,125,R005,12-Jul-18
C0060,101,150,R007,28-Jun-18
C0021,85,80,R007,21-Oct-18
C0128,100,185,R005,12-Feb-18
C0289,106,80,R001,23-Dec-18
C0054,74,75,R005,14-Sep-18
C0072,90,160,R003,25-Jul-18
C0018,106,80,R002,5-Jul-18
C0033,95,0,R006,1-Nov-18
C0044,94,95,R002,1-Jul-18
C0144,129,105,R004,19-Sep-18
C0124,94,200,R004,21-Jul-18
C0035,140,0,R006,6-Jul-18
C0149,59,130,R004,13-Apr-18
C0151,93,75,R005,18-Oct-18
C0250,47,130,R002,30-Jun-18
C0299,114,60,R005,15-Feb-18
C0115,70,150,R004,16-Dec-18
C0280,76,200,R005,15-Feb-18
C0134,88,115,R003,5-Dec-18
C0086,121,175,R005,28-Jul-18
C0024,86,0,R001,5-May-18
C0198,101,0,R006,27-Jul-18
C0091,75,190,R005,9-Feb-18
C0195,90,65,R005,17-May-18
C0155,93,195,R003,17-Aug-18
C0226,58,150,R004,20-Apr-18
C0220,110,195,R002,5-Apr-18
C0112,82,70,R001,11-Oct-18
C0001,57,145,R005,20-Apr-18
C0226,84,0,R002,3-Aug-18
C0012,44,95,R002,20-Jan-18
C0233,91,165,R007,29-Sep-18
C0214,69,115,R007,10-Aug-18
C0209,91,150,R001,8-Jul-18
C0235,102,130,R002,14-Nov-18
C0177,109,145,R004,3-Aug-18
C0243,102,85,R002,6-Apr-18
C0192,95,135,R005,26-Sep-18
C0190,58,0,R003,12-May-18
C0136,91,50,R002,3-Nov-18
C0151,94,155,R001,30-Jun-18
C0117,69,200,R001,19-Oct-18
C0177,80,0,R007,17-Jun-18
C0102,89,160,R004,2-Sep-18
C0114,96,0,R002,15-Jul-18
C0273,129,95,R001,26-Apr-18
C0100,71,180,R006,11-Aug-18
C0252,130,0,R007,6-Jul-18
C0158,81,70,R007,29-Apr-18
C0239,90,165,R006,27-Dec-18
C0292,90,60,R002,10-Feb-18
C0174,96,135,R005,28-Jul-18
C0228,101,165,R001,13-May-18
C0153,100,75,R004,9-Aug-18
C0188,70,55,R006,14-Jul-18
C0042,59,160,R004,4-May-18
C0160,123,195,R002,23-Dec-18
C0002,97,90,R003,29-Jul-18
C0100,86,150,R002,26-Sep-18
C0269,98,0,R006,7-Jul-18
C0207,91,135,R005,11-Jul-18
C0098,55,170,R002,29-Mar-18
C0144,68,105,R001,13-Sep-18
C0005,110,110,R004,8-Jun-18
C0171,87,80,R006,19-Sep-18
C0199,76,80,R002,7-Sep-18
C0239,114,150,R004,12-May-18
C0112,82,150,R006,4-Mar-18
C0056,80,110,R006,23-Dec-18
C0245,97,135,R003,4-Feb-18
C0095,98,155,R002,9-Dec-18
C0228,58,190,R004,12-Aug-18
C0219,94,0,R001,15-Dec-18
C0211,104,165,R001,8-Apr-18
C0159,93,145,R004,6-Oct-18
C0019,77,0,R001,4-Nov-18
C0183,45,0,R003,9-Sep-18
C0042,109,0,R004,28-Sep-18
C0100,72,0,R002,9-May-18
C0282,73,155,R007,7-Dec-18
C0125,87,135,R001,26-Jan-18
C0054,102,50,R002,16-Dec-18
C0100,61,0,R001,25-Aug-18
C0215,68,70,R007,7-Jan-18
C0137,91,135,R006,22-Aug-18
C0278,156,155,R002,29-Mar-18
C0242,106,175,R003,26-Aug-18
C0049,103,135,R005,29-Aug-18
C0107,62,175,R003,9-Dec-18
C0191,85,0,R003,17-Oct-18
C0035,90,50,R003,15-Jul-18
C0140,81,165,R001,22-Apr-18
C0161,91,75,R007,21-Oct-18
C0041,112,0,R004,14-Dec-18
C0278,103,85,R007,30-Nov-18
C0048,68,130,R005,7-Apr-18
C0084,61,200,R004,13-Sep-18
C0290,104,155,R006,13-Oct-18
C0244,86,0,R002,17-Nov-18
C0197,75,165,R002,11-Jul-18
C0266,58,160,R006,7-Mar-18
C0041,51,0,R002,21-Oct-18
C0003,65,170,R002,17-May-18
C0261,104,150,R004,9-Sep-18
C0067,67,110,R003,17-May-18
C0247,82,0,R003,1-Mar-18
C0202,70,165,R007,30-May-18
C0219,85,135,R006,7-Jul-18
C0215,60,0,R001,8-Jul-18
C0146,98,180,R005,16-Jun-18
C0264,76,0,R003,21-Sep-18
C0088,70,190,R006,18-Jul-18
C0205,73,0,R007,25-Nov-18
C0293,93,90,R003,12-Oct-18
C0063,83,100,R001,3-Mar-18
C0046,95,135,R007,4-Aug-18
C0246,74,65,R004,22-Feb-18
C0023,89,0,R004,10-Nov-18
C0282,120,95,R001,22-Apr-18
C0102,73,0,R001,21-Jul-18
C0073,80,0,R002,18-Apr-18
C0191,134,155,R007,28-Jun-18
C0029,121,195,R001,29-Mar-18
C0102,56,125,R003,9-Nov-18
C0146,67,0,R005,22-Dec-18
C0009,103,200,R007,12-Jan-18
C0022,103,95,R006,31-Oct-18
C0165,88,0,R006,14-Mar-18
C0122,77,0,R002,18-Jul-18
C0058,92,135,R003,12-Dec-18
C0018,92,55,R005,16-Mar-18
C0265,87,0,R006,10-Nov-18
C0152,78,85,R002,15-Jul-18
C0089,98,125,R004,25-May-18
C0096,74,90,R002,31-Mar-18
C0221,71,120,R003,8-Sep-18
C0097,126,190,R003,30-Mar-18
C0184,78,65,R004,23-Aug-18
C0030,60,190,R005,12-Feb-18
C0045,64,100,R001,30-Dec-18
C0173,83,125,R006,17-Aug-18
C0072,79,0,R005,1-Nov-18
C0021,138,0,R005,10-May-18
C0261,94,85,R005,19-Jan-18
C0006,88,150,R003,12-Jan-18
C0134,103,65,R003,10-Jun-18
C0275,113,145,R003,5-May-18
C0016,115,115,R005,12-May-18
C0287,90,50,R002,20-Sep-18
C0100,111,190,R006,15-Jul-18
C0267,82,65,R006,25-Nov-18
C0294,94,195,R005,20-Jun-18
C0199,97,190,R002,7-Nov-18
C0099,89,165,R007,29-Jun-18
C0119,87,50,R006,4-Oct-18
C0189,85,140,R002,18-Aug-18
C0273,84,130,R005,17-Feb-18
C0091,127,160,R004,1-Mar-18
C0099,94,50,R005,14-Nov-18
C0156,89,170,R004,29-Mar-18
C0271,31,80,R001,19-Oct-18
C0177,110,0,R002,31-May-18
C0035,90,0,R003,29-Aug-18
C0107,93,55,R002,2-Sep-18
C0088,103,0,R007,5-Apr-18
C0071,82,120,R004,21-Jul-18
C0258,95,110,R001,17-Nov-18
C0128,83,70,R005,21-Sep-18
C0067,90,175,R004,4-Jul-18
C0108,82,105,R001,8-Sep-18
C0041,81,130,R005,6-Jun-18
C0228,101,75,R007,18-Oct-18
C0054,64,195,R002,14-Dec-18
C0054,87,115,R004,20-Jul-18
C0266,127,125,R001,12-Oct-18
C0136,89,60,R005,1-Feb-18
C0053,57,130,R007,30-Nov-18
C0100,101,70,R006,7-Jun-18
C0064,61,100,R005,10-Aug-18
C0205,105,180,R004,17-Nov-18
C0022,102,0,R002,30-Mar-18
C0031,67,160,R005,8-Jun-18
C0133,97,65,R003,27-Sep-18
C0280,78,155,R007,1-Jul-18
C0202,103,130,R002,4-Feb-18
C0185,87,0,R001,30-Jun-18
C0145,78,75,R002,20-Jun-18
C0196,87,60,R003,5-May-18
C0057,76,190,R002,21-Jun-18
C0082,110,185,R005,12-Feb-18
C0041,69,0,R006,16-May-18
C0011,104,195,R006,5-Apr-18
C0125,105,185,R002,8-Dec-18
C0101,97,70,R001,15-Jan-18
C0177,128,80,R005,31-Oct-18
C0204,85,195,R003,12-Apr-18
C0259,108,90,R003,6-Apr-18
C0014,72,110,R001,18-Mar-18
C0093,95,0,R003,22-Aug-18
C0206,127,65,R003,27-Jul-18
C0163,49,0,R003,30-May-18
C0140,83,180,R003,31-Mar-18
C0172,65,175,R002,29-Mar-18
C0156,107,145,R003,19-Oct-18
C0127,62,95,R006,18-Feb-18
C0189,100,120,R001,19-May-18
C0099,67,0,R004,13-Jun-18
C0280,70,140,R005,7-Nov-18
C0216,101,0,R003,28-Dec-18
C0266,131,0,R007,9-Nov-18
C0152,80,65,R006,9-May-18
C0164,133,195,R006,13-Oct-18
C0051,90,85,R001,29-Nov-18
C0158,104,65,R002,2-May-18
C0036,102,115,R003,19-Dec-18
C0191,85,175,R002,14-Jun-18
C0220,80,135,R004,8-Nov-18
C0134,111,75,R001,19-Aug-18
C0178,98,65,R003,7-Apr-18
C0159,78,55,R002,3-Mar-18
C0130,105,200,R006,19-Aug-18
C0235,82,130,R001,13-Jul-18
C0009,78,135,R004,30-Nov-18
C0264,61,0,R005,30-Mar-18
C0171,102,130,R006,28-Nov-18
C0091,119,0,R005,9-Dec-18
C0225,78,140,R004,23-Sep-18
C0289,97,75,R002,17-Nov-18
C0085,124,0,R002,9-Dec-18
C0175,84,0,R001,23-May-18
C0160,95,165,R007,9-May-18
C0257,74,65,R004,24-Mar-18
C0034,82,80,R001,7-Mar-18
C0158,116,0,R007,17-Feb-18
C0060,120,155,R002,6-Oct-18
C0017,73,165,R003,23-Mar-18
C0002,102,0,R006,1-Jul-18
C0151,90,105,R006,19-Apr-18
C0019,108,170,R002,27-Oct-18
C0279,105,100,R007,14-Sep-18
C0056,79,185,R003,1-Apr-18
C0138,111,0,R005,15-Apr-18
C0016,100,85,R001,10-Jun-18
C0257,100,170,R006,6-Apr-18
C0207,67,180,R005,14-Jun-18
C0152,69,175,R001,26-Aug-18
C0216,116,185,R006,8-Jun-18
C0015,84,175,R007,16-Nov-18
C0015,109,165,R006,15-Nov-18
C0106,91,125,R005,28-Feb-18
C0011,66,140,R001,3-Jun-18
C0290,103,0,R007,5-Jan-18
C0121,101,185,R003,22-Nov-18
C0066,67,110,R001,26-Sep-18
C0014,97,180,R004,8-Jul-18
C0191,86,115,R001,22-Aug-18
C0159,88,0,R002,28-Nov-18
C0261,107,145,R003,21-Mar-18
C0300,94,185,R003,30-Sep-18
C0259,77,125,R003,5-Dec-18
C0053,77,135,R006,1-Sep-18
C0205,72,150,R003,16-Nov-18
C0095,93,145,R004,29-Dec-18
C0162,79,0,R001,10-Oct-18
C0192,94,100,R004,19-Sep-18
C0272,81,0,R001,13-Jan-18
C0212,79,160,R007,19-Dec-18
C0238,85,140,R002,19-Jan-18
C0021,70,140,R001,15-Aug-18
C0215,81,190,R004,3-Mar-18
C0253,113,110,R002,11-Jul-18
C0165,105,160,R004,10-Oct-18
C0263,126,0,R006,2-Mar-18
C0259,67,95,R007,26-Jan-18
C0007,61,110,R005,16-Sep-18
C0169,87,70,R004,19-Jan-18
C0001,125,125,R004,26-Feb-18
C0088,71,150,R004,8-Sep-18
C0112,77,55,R004,29-Jul-18
C0068,87,115,R003,17-Mar-18
C0207,102,190,R006,6-Jan-18
C0087,70,95,R004,23-Dec-18
C0082,89,175,R003,21-Sep-18
C0219,97,170,R002,31-Mar-18
C0116,84,0,R002,23-Jun-18
C0043,109,135,R002,4-Mar-18
C0265,91,50,R001,25-Mar-18
C0052,105,135,R003,18-Mar-18
C0009,76,80,R005,13-May-18
C0084,104,80,R004,29-Jul-18
C0295,92,70,R005,18-Jul-18
C0297,121,165,R004,25-Nov-18
C0017,105,115,R007,22-Apr-18
C0127,126,0,R005,12-May-18
C0174,73,0,R001,4-Feb-18
C0292,82,105,R005,28-Nov-18
C0204,67,0,R006,15-Jul-18
C0177,86,175,R003,20-Jan-18
C0043,63,135,R001,7-Apr-18
C0109,113,190,R003,1-Jun-18
C0024,88,70,R004,29-Aug-18
C0087,80,170,R006,9-Sep-18
C0209,103,140,R002,8-Jan-18
C0132,114,165,R002,2-Dec-18
C0234,68,0,R002,25-Jul-18
C0145,89,105,R003,14-Dec-18
C0124,101,0,R007,17-Oct-18
C0278,77,75,R004,6-Apr-18
C0149,61,55,R006,25-Oct-18
C0030,110,0,R005,27-Sep-18
C0027,88,0,R003,2-Dec-18
C0162,76,55,R005,6-Oct-18
C0208,83,100,R003,7-Dec-18
C0235,96,55,R006,16-Dec-18
C0290,85,0,R003,3-Jun-18
C0053,98,160,R002,7-Jul-18
C0044,90,90,R003,9-Mar-18
C0266,59,170,R002,24-Oct-18
C0031,77,0,R003,15-Aug-18
C0260,115,195,R007,23-Dec-18
C0190,108,65,R002,24-May-18
C0119,106,60,R001,23-Sep-18
C0238,90,110,R007,9-Feb-18
C0060,108,190,R001,17-Aug-18
C0261,97,180,R005,2-Dec-18
C0228,53,195,R006,20-Jun-18
C0175,75,135,R005,25-Jan-18
C0033,98,0,R004,11-Apr-18
C0197,90,125,R006,8-Mar-18
C0093,87,120,R002,1-Mar-18
C0258,90,190,R004,22-Dec-18
C0086,48,165,R005,16-Aug-18
C0208,117,0,R004,23-Aug-18
C0264,89,0,R003,12-Apr-18
C0019,96,0,R002,10-Oct-18
C0245,77,65,R002,27-Jun-18
C0152,68,130,R002,14-Jul-18
C0279,77,105,R006,28-Oct-18
C0107,113,85,R002,12-Sep-18
C0085,74,195,R005,10-Feb-18
C0012,92,125,R007,11-Mar-18
C0194,68,140,R006,29-Aug-18
C0008,48,0,R002,25-May-18
C0001,104,195,R004,19-May-18
C0042,92,170,R005,14-Jul-18
C0059,53,60,R003,25-Jan-18
C0137,73,60,R003,3-Feb-18
C0014,117,50,R007,24-Jun-18
C0170,57,200,R002,24-Nov-18
C0124,71,190,R003,26-Aug-18
C0276,96,50,R002,26-Jan-18
C0059,95,140,R004,10-Oct-18
C0262,75,70,R006,11-Oct-18
C0263,94,110,R006,22-Feb-18
C0285,100,105,R003,8-Feb-18
C0073,98,130,R002,21-Jul-18
C0207,80,140,R007,20-Sep-18
C0118,69,165,R006,8-Mar-18
C0104,102,95,R004,29-Mar-18
C0124,91,185,R002,14-Nov-18
C0150,75,50,R002,4-Nov-18
C0166,87,165,R001,15-Sep-18
C0241,111,0,R004,9-Mar-18
C0175,77,0,R006,9-Jun-18
C0078,113,0,R003,17-Feb-18
C0206,83,55,R007,14-Jan-18
C0217,94,60,R001,7-Oct-18
C0261,94,195,R007,12-Jan-18
C0205,71,90,R005,14-Jun-18
C0188,60,0,R005,23-Sep-18
C0297,69,0,R003,1-Mar-18
C0167,99,0,R002,18-Jan-18
C0193,95,185,R006,4-Oct-18
C0299,93,70,R002,23-Dec-18
C0062,39,0,R004,24-Jun-18
C0087,118,75,R001,25-Nov-18
C0003,92,65,R003,3-Nov-18
C0204,118,140,R001,4-Apr-18
C0296,53,185,R007,26-Dec-18
C0176,93,110,R004,2-May-18
C0232,92,195,R006,1-Jun-18
C0017,92,80,R004,26-Jan-18
C0047,78,100,R005,31-Oct-18
C0121,114,115,R002,23-Feb-18
C0026,118,160,R006,28-Jan-18
C0001,77,140,R002,14-Dec-18
C0082,66,140,R005,10-Feb-18
C0023,104,0,R006,15-Mar-18
C0194,93,170,R006,19-Sep-18
C0147,121,115,R004,22-Aug-18
C0091,68,50,R005,7-Jan-18
C0274,97,190,R002,28-Feb-18
C0262,66,95,R007,1-Sep-18
C0040,65,70,R001,11-Oct-18
C0147,113,170,R004,23-Nov-18
C0276,76,0,R002,14-Nov-18
C0300,83,75,R007,25-Nov-18
C0263,69,90,R006,13-Jul-18
C0136,91,170,R003,8-Sep-18
C0114,103,0,R001,18-May-18
C0175,91,50,R002,30-Dec-18
C0072,65,70,R003,10-May-18
C0121,69,200,R005,24-Jun-18
C0066,107,195,R004,1-Jun-18
C0293,132,170,R006,18-Feb-18
C0226,101,125,R004,21-Jun-18
C0153,55,55,R002,29-Apr-18
C0221,86,115,R006,12-Oct-18
C0278,98,160,R006,12-Oct-18
C0080,104,55,R002,12-Feb-18
C0097,93,180,R007,7-Jul-18
C0266,88,50,R003,22-Jan-18
C0125,91,0,R001,15-Sep-18
C0232,81,135,R007,14-Jun-18
C0280,60,80,R007,18-Jan-18
C0032,85,195,R007,18-Mar-18
C0076,99,0,R007,11-Jan-18
C0038,87,75,R007,18-Jan-18
C0039,88,50,R005,19-Oct-18
C0062,78,150,R003,29-Jun-18
C0107,77,0,R006,6-Apr-18
C0060,118,50,R001,11-Oct-18
C0270,101,75,R003,7-Jan-18
C0079,98,75,R001,11-Nov-18
C0070,106,170,R004,3-Aug-18
C0100,101,115,R005,30-Aug-18
C0177,67,0,R003,19-Apr-18
C0125,64,190,R004,29-Dec-18
C0183,100,140,R003,26-Feb-18
C0104,94,65,R007,1-Jul-18
C0237,86,170,R006,26-Sep-18
C0206,60,130,R002,4-Oct-18
C0046,122,155,R006,27-May-18
C0104,110,95,R007,13-Sep-18
C0015,100,130,R004,11-Apr-18
C0156,72,55,R002,15-Sep-18
C0132,70,135,R005,9-Aug-18
C0246,87,0,R001,11-Jul-18
C0148,125,60,R004,8-Sep-18
C0215,45,0,R004,29-Sep-18
C0080,81,0,R001,14-Mar-18
C0033,61,175,R005,2-Jun-18
C0120,90,65,R004,19-Jul-18
C0125,110,65,R005,12-Dec-18
C0238,88,155,R004,1-Jan-18
C0002,75,90,R006,17-Feb-18
C0122,61,150,R007,5-Sep-18
C0209,88,135,R003,8-Dec-18
C0063,87,160,R005,18-Oct-18
C0196,81,60,R007,9-Mar-18
C0094,81,110,R002,8-Dec-18
C0071,126,140,R007,7-Oct-18
C0273,85,180,R004,24-Jun-18
C0268,46,135,R003,16-Feb-18
C0027,88,175,R003,17-Nov-18
C0177,80,75,R003,9-Dec-18
C0097,107,0,R001,18-Aug-18
C0069,67,0,R006,24-Feb-18
C0180,123,180,R001,10-Jun-18
C0144,93,175,R003,21-Nov-18
C0025,108,160,R001,18-May-18
C0067,104,0,R005,19-May-18
C0131,97,100,R002,19-Feb-18
C0152,86,190,R002,14-Dec-18
C0220,92,0,R004,1-Jun-18
C0173,107,75,R006,2-Feb-18
C0243,99,100,R007,13-Dec-18
C0287,99,195,R002,6-May-18
C0012,99,130,R003,22-Jun-18
C0124,78,155,R005,28-Apr-18
C0143,135,125,R001,15-Sep-18
C0216,122,0,R002,27-Sep-18
C0124,86,95,R002,3-May-18
C0196,82,0,R005,19-Jul-18
C0130,88,155,R007,13-Sep-18
C0149,100,175,R004,2-Sep-18
C0112,56,200,R002,18-Jan-18
C0228,97,0,R001,5-Aug-18
C0101,86,0,R007,17-Feb-18
C0082,103,60,R002,6-Sep-18
C0153,74,0,R003,10-Oct-18
C0143,91,135,R005,6-Jun-18
C0126,61,50,R001,7-Jul-18
C0036,92,0,R004,31-Oct-18
C0278,104,0,R002,22-Aug-18
C0154,118,95,R001,26-Oct-18
C0281,93,135,R003,21-Mar-18
C0256,99,185,R001,25-May-18
C0282,102,50,R002,16-Dec-18
C0115,79,85,R007,23-May-18
C0137,113,65,R002,14-Mar-18
C0277,74,50,R004,6-Dec-18
C0101,81,180,R002,8-Jul-18
C0204,75,0,R002,27-Jan-18
C0240,72,175,R004,8-Feb-18
C0235,126,110,R005,29-Aug-18
C0233,70,170,R005,15-Jul-18
C0051,81,200,R001,26-Aug-18
C0227,87,175,R002,3-May-18
C0094,84,65,R007,2-Dec-18
C0047,78,75,R001,3-Mar-18
C0210,79,85,R002,31-Mar-18
C0089,76,0,R001,25-Oct-18
C0006,135,170,R007,27-Jul-18
C0216,88,85,R005,6-Jun-18
C0268,102,90,R007,13-Dec-18
C0069,108,100,R006,15-Jul-18
C0226,115,170,R002,12-Sep-18
C0067,85,55,R004,7-Jun-18
C0200,95,190,R002,25-Feb-18
C0263,80,195,R006,13-Jul-18
C0113,93,105,R002,25-Apr-18
C0239,115,0,R001,8-Sep-18
C0060,65,165,R007,12-Apr-18
C0183,112,85,R003,5-Jul-18
C0177,67,0,R005,3-Oct-18
C0039,99,195,R005,14-Apr-18
C0253,99,200,R004,1-Jul-18
C0258,73,190,R004,18-Mar-18
C0199,77,180,R002,23-Feb-18
C0108,102,170,R006,7-Oct-18
C0270,70,0,R007,4-Nov-18
C0077,100,155,R002,2-Sep-18
C0018,65,120,R006,4-Feb-18
C0243,91,100,R005,21-Sep-18
C0188,75,170,R004,15-Apr-18
C0180,71,125,R002,28-Dec-18
C0042,82,110,R007,16-Nov-18
C0267,81,105,R004,22-Apr-18
C0237,110,60,R005,29-Jul-18
C0009,96,0,R007,25-Feb-18
C0153,45,185,R006,4-Jul-18
C0119,54,165,R002,15-Mar-18
C0292,89,0,R003,10-Mar-18
C0076,120,0,R002,14-Sep-18
C0051,62,120,R002,26-Jan-18
C0226,55,150,R007,18-Nov-18
C0142,110,0,R003,31-Mar-18
C0194,108,0,R005,15-Jul-18
C0068,69,175,R004,8-Nov-18
C0206,120,175,R002,5-Jul-18
C0167,59,80,R001,3-Aug-18
C0223,112,135,R002,19-Aug-18
C0215,106,200,R007,14-Dec-18
C0266,111,195,R001,14-Nov-18
C0291,80,170,R005,12-Jul-18
C0269,116,110,R006,16-Dec-18
C0276,92,65,R001,21-Mar-18
C0073,139,95,R005,15-Mar-18
C0158,58,70,R001,20-Dec-18
C0133,78,80,R002,1-Aug-18
C0054,46,55,R004,9-Mar-18
C0147,57,200,R007,3-Oct-18
C0042,96,185,R002,25-Jan-18
C0185,90,165,R005,4-Nov-18
C0252,105,110,R007,11-Apr-18
C0218,93,150,R006,14-Mar-18
C0072,92,60,R006,3-Jun-18
C0252,84,60,R002,3-Jun-18
C0042,78,95,R003,12-Apr-18
C0204,77,0,R002,22-Jan-18
C0217,81,115,R005,4-May-18
C0119,62,175,R004,12-Jul-18
C0033,111,0,R004,11-Oct-18
C0273,103,70,R002,11-Jan-18
C0104,84,95,R007,14-Dec-18
C0048,90,0,R004,26-Feb-18
C0286,73,65,R007,22-Jul-18
C0244,76,190,R003,18-Oct-18
C0059,95,80,R003,24-Nov-18
C0009,118,0,R006,5-Jul-18
C0034,61,110,R005,15-Jun-18
C0124,103,180,R006,6-Apr-18
C0057,74,165,R003,23-Feb-18
C0239,78,195,R001,18-Aug-18
C0206,114,155,R006,27-Jan-18
C0021,64,145,R005,25-Nov-18
C0044,71,85,R004,23-May-18
C0121,63,190,R002,25-Oct-18
C0178,46,180,R002,13-Dec-18
C0014,70,165,R006,30-Jun-18
C0131,124,50,R006,26-Dec-18
C0075,46,190,R006,13-Jun-18
C0223,93,115,R007,29-Mar-18
C0219,85,0,R007,11-Nov-18
C0163,94,195,R001,15-Dec-18
C0073,46,195,R005,7-Nov-18
C0300,102,55,R003,8-Feb-18
C0083,79,0,R006,18-Jan-18
C0121,80,150,R006,16-Nov-18
C0181,124,145,R003,5-May-18
C0096,96,75,R007,21-Jan-18
C0288,81,180,R006,23-Mar-18
C0280,68,115,R001,4-Apr-18
C0057,93,50,R002,1-Jan-18
C0010,43,170,R006,31-Oct-18
C0298,122,70,R002,11-Oct-18
C0139,120,200,R002,10-Nov-18
C0126,67,60,R005,29-Apr-18
C0035,63,0,R004,27-Apr-18
C0003,57,125,R003,14-Mar-18
C0007,77,155,R006,9-Feb-18
C0118,52,0,R006,4-Aug-18
C0230,122,55,R002,22-Nov-18
C0208,73,95,R007,7-Jul-18
C0021,116,85,R004,21-Dec-18
C0231,92,145,R003,28-Nov-18
C0102,77,150,R004,14-Mar-18
C0109,116,165,R003,23-Dec-18
C0253,104,120,R002,19-Sep-18
C0296,80,55,R005,21-Nov-18
C0054,85,0,R004,28-Jan-18
C0145,80,115,R001,10-May-18
C0079,80,155,R007,25-Mar-18
C0229,105,150,R007,8-Jul-18
C0069,90,90,R004,26-Sep-18
C0097,81,195,R002,11-Jan-18
C0214,78,145,R002,25-Oct-18
C0114,95,150,R005,30-Nov-18
C0269,99,175,R005,28-Feb-18
C0285,125,120,R003,31-Aug-18
C0074,103,190,R004,2-May-18
C0082,119,90,R002,19-Oct-18
C0064,81,170,R002,16-May-18
C0150,137,0,R004,1-Nov-18
C0144,96,115,R004,11-Mar-18
C0006,67,135,R002,9-Aug-18
C0122,101,130,R002,5-Jan-18
C0049,127,70,R006,16-Sep-18
C0009,79,165,R006,1-Mar-18
C0086,100,155,R001,28-Mar-18
C0186,114,170,R006,18-Oct-18
C0164,78,120,R001,15-Dec-18
C0252,96,170,R006,8-Jul-18
C0185,109,185,R007,18-Apr-18
C0047,91,95,R007,14-Dec-18
C0159,88,90,R005,19-Apr-18
C0138,72,85,R006,15-Jan-18
C0064,79,140,R001,20-Dec-18
C0056,115,0,R006,10-Aug-18
C0134,98,0,R001,25-Mar-18
C0240,75,100,R004,6-Apr-18
C0149,97,170,R001,4-Feb-18
C0157,112,55,R006,18-Jul-18
C0150,106,0,R001,5-Oct-18
C0225,75,185,R004,5-Sep-18
C0030,110,80,R007,6-Jan-18
C0168,76,0,R002,25-Apr-18
C0276,100,85,R001,11-Feb-18
C0158,63,135,R005,5-Sep-18
C0042,64,0,R001,22-Apr-18
C0066,110,185,R002,1-Aug-18
C0212,54,145,R002,9-May-18
C0209,83,55,R006,8-Jul-18
C0085,109,155,R002,17-Oct-18
C0223,101,125,R001,6-Jun-18
C0131,68,0,R001,1-Jul-18
C0075,80,140,R002,1-Nov-18
C0297,83,85,R002,25-Mar-18
C0175,114,80,R005,28-Nov-18
C0110,101,135,R002,26-Jul-18
C0202,79,0,R005,23-Dec-18
C0145,71,100,R005,28-Oct-18
C0281,96,0,R007,10-Nov-18
C0239,90,120,R006,2-Mar-18
C0243,82,130,R005,18-Apr-18
C0030,85,0,R001,15-Dec-18
C0199,85,130,R003,18-Jul-18
C0005,66,70,R002,2-Jun-18
C0113,94,80,R005,6-Apr-18
C0071,69,55,R003,8-Feb-18
C0199,109,120,R005,26-Feb-18
C0073,101,70,R004,7-Sep-18
C0055,47,0,R005,15-Jun-18
C0233,76,165,R004,2-Dec-18
C0179,90,155,R006,18-Feb-18
C0228,83,60,R001,24-Feb-18
C0239,75,145,R004,1-Nov-18
C0015,81,60,R005,25-Aug-18
C0061,60,165,R007,2-Jun-18
C0122,76,0,R002,14-Nov-18
C0191,79,0,R004,21-Oct-18
C0200,93,0,R002,22-Mar-18
C0137,101,70,R001,24-Mar-18
C0050,63,95,R003,25-Feb-18
C0205,73,0,R006,29-Jul-18
C0092,97,175,R002,28-Jun-18
C0139,97,195,R001,15-Jan-18
C0277,112,75,R005,11-Aug-18
C0271,94,125,R003,17-Oct-18
C0217,109,90,R005,9-Dec-18
C0143,69,0,R002,17-Mar-18
C0222,105,0,R003,9-Nov-18
C0149,88,185,R003,26-Jul-18
C0297,74,130,R001,26-Aug-18
C0061,117,100,R006,15-Jun-18
C0262,100,70,R004,2-Feb-18
C0244,107,180,R007,10-Nov-18
C0084,87,80,R001,1-Dec-18
C0191,92,0,R004,6-Jul-18
C0244,101,95,R003,24-Jun-18
C0062,106,90,R002,2-Nov-18
C0095,84,0,R003,28-Dec-18
C0239,93,80,R005,4-Aug-18
C0037,72,155,R006,25-Oct-18
C0130,92,70,R006,13-Jun-18
C0218,112,140,R006,24-Mar-18
C0051,95,0,R006,26-May-18
C0015,94,160,R005,6-Jul-18
C0133,93,70,R007,11-Apr-18
C0271,94,100,R006,18-May-18
C0039,108,0,R007,13-Dec-18
C0089,112,50,R003,2-Feb-18
C0103,81,180,R001,26-Feb-18
C0233,59,105,R003,5-Jan-18
C0245,87,80,R003,18-Apr-18
C0244,91,130,R004,4-Nov-18
C0121,131,190,R004,5-Feb-18
C0052,107,110,R006,4-Apr-18
C0055,88,100,R003,7-Dec-18
C0292,93,0,R005,22-Apr-18
C0108,101,50,R006,11-Nov-18
C0256,98,0,R007,23-Mar-18
C0087,88,95,R005,17-Oct-18
C0190,126,90,R005,3-Mar-18
C0174,68,0,R002,5-Aug-18
C0093,117,160,R005,1-Apr-18
C0272,45,165,R004,21-Mar-18
C0136,57,0,R002,16-Feb-18
C0077,79,80,R004,2-Sep-18
C0197,69,110,R004,27-Jul-18
C0291,99,115,R002,8-Mar-18
C0223,86,120,R004,8-Jan-18
C0174,77,165,R004,27-Jun-18
C0085,82,110,R005,18-Oct-18
C0046,70,75,R004,25-Oct-18
C0005,109,70,R004,11-Oct-18
C0124,81,65,R007,21-Sep-18
C0228,53,165,R005,1-Sep-18
C0069,99,185,R002,30-Nov-18
C0062,111,140,R007,18-Jan-18
C0011,93,75,R004,1-Sep-18
C0148,108,170,R003,20-May-18
C0225,92,60,R003,6-Sep-18
C0077,107,0,R005,30-Mar-18
C0048,99,50,R004,13-Jan-18
C0126,117,120,R007,14-Apr-18
C0070,101,50,R007,26-Sep-18
C0171,99,160,R006,14-Jan-18
C0268,110,60,R004,12-Feb-18
C0271,105,115,R005,23-Nov-18
C0022,91,125,R006,4-May-18
C0043,65,175,R005,22-Aug-18
C0089,99,0,R005,7-Apr-18
C0117,107,0,R006,13-Jul-18
C0112,98,70,R002,4-Jan-18
C0002,109,0,R004,28-Jun-18
C0216,88,170,R001,25-May-18
C0228,89,0,R001,20-Jul-18
C0189,104,130,R006,22-Nov-18
C0296,92,135,R006,8-Sep-18
C0211,66,110,R007,7-Dec-18
C0162,66,150,R001,4-Feb-18
C0259,102,0,R003,6-May-18
C0213,89,80,R003,1-Jan-18
C0261,65,50,R002,10-Nov-18
C0040,79,195,R002,18-May-18
C0300,73,130,R006,24-Aug-18
C0295,95,0,R001,12-Apr-18
C0010,71,140,R006,22-Jul-18
C0266,99,60,R005,16-Feb-18
C0008,89,80,R005,14-Oct-18
C0052,91,140,R002,14-Oct-18
C0088,104,180,R004,21-Jul-18
C0145,108,50,R001,2-Jun-18
C0078,81,155,R004,9-May-18
C0130,59,75,R005,11-Jul-18
C0282,80,175,R006,10-May-18
C0088,67,60,R005,8-Apr-18
C0112,87,150,R006,5-Sep-18
C0124,114,160,R005,30-Nov-18
C0128,98,90,R003,3-Mar-18
C0204,85,0,R006,26-May-18
C0287,84,0,R003,20-Jun-18
C0121,69,65,R001,31-Aug-18
C0160,84,190,R003,7-Oct-18
C0268,78,120,R002,2-Aug-18
C0203,87,195,R002,16-Feb-18
C0012,90,0,R003,20-Jan-18
C0170,93,95,R003,27-Jul-18
C0035,102,105,R002,8-Aug-18
C0063,79,135,R005,3-Feb-18
C0209,60,75,R001,8-Dec-18
C0249,101,80,R003,25-Apr-18
C0108,72,135,R003,23-Feb-18
C0122,99,50,R005,5-Aug-18
C0102,74,110,R005,16-May-18
C0016,131,60,R006,20-Sep-18
C0284,105,115,R006,5-Sep-18
C0203,103,125,R002,16-Aug-18
C0287,101,165,R001,25-Apr-18
C0205,78,180,R005,15-Sep-18
C0241,114,80,R006,27-Jan-18
C0242,103,190,R001,18-Aug-18
C0134,94,140,R005,23-Nov-18
C0243,74,0,R005,24-May-18
C0267,85,150,R006,27-Jan-18
C0068,54,0,R006,15-Mar-18
C0028,87,125,R006,2-Jun-18
C0194,79,155,R001,26-Jul-18
C0243,95,0,R005,4-Apr-18
C0252,81,175,R007,11-Oct-18
C0041,89,180,R005,25-Apr-18
C0167,100,80,R002,5-Dec-18
C0233,64,0,R004,19-Aug-18
C0264,90,150,R001,24-Aug-18
C0275,98,60,R005,30-Nov-18
C0179,92,105,R001,14-Dec-18
C0187,95,135,R003,15-Jan-18
C0048,109,100,R005,11-Jul-18
C0177,113,110,R003,13-Oct-18
C0197,91,0,R001,24-Mar-18
C0069,90,0,R004,7-Jul-18
C0104,70,155,R001,6-Jun-18
C0270,113,60,R006,21-Apr-18
C0063,102,145,R005,11-Jan-18
C0083,133,0,R006,13-May-18
C0247,93,140,R006,18-Oct-18
C0182,106,105,R006,18-Jul-18
C0227,81,70,R005,2-Mar-18
C0190,83,120,R006,8-Jul-18
C0224,77,115,R001,22-Jul-18
C0076,90,145,R002,27-Oct-18
C0015,108,200,R003,12-Dec-18
C0037,65,65,R007,6-Jun-18
C0141,98,150,R003,5-Sep-18
C0232,76,0,R001,7-Apr-18
C0291,55,145,R003,5-Sep-18
C0299,79,185,R007,1-Aug-18
C0026,67,0,R002,30-May-18
C0249,106,0,R001,15-Aug-18
C0116,82,0,R006,18-Oct-18
C0057,89,0,R007,17-May-18
C0165,67,80,R005,23-Mar-18
C0056,75,135,R004,30-Jun-18
C0074,84,90,R002,21-Oct-18
C0056,96,120,R003,29-Jul-18
C0263,100,150,R003,13-Sep-18
C0023,85,140,R003,30-May-18
C0270,62,0,R006,21-Oct-18
C0086,92,135,R002,2-Mar-18
C0151,66,120,R002,23-Jun-18
C0139,88,0,R007,2-Jun-18
C0139,102,0,R001,31-Aug-18
C0143,99,100,R001,1-Nov-18
C0166,82,0,R006,10-Mar-18
C0158,77,100,R004,9-Dec-18
C0273,81,65,R005,12-Sep-18
C0226,52,65,R006,16-Feb-18
C0163,86,90,R007,31-Mar-18
C0244,117,0,R003,16-Aug-18
C0268,131,160,R006,5-Dec-18
C0079,108,195,R005,5-Sep-18
C0016,81,70,R003,10-May-18
C0246,94,180,R004,30-May-18
C0127,130,140,R002,22-Feb-18
C0095,76,80,R003,23-Jun-18
C0019,87,200,R006,1-Nov-18
C0254,106,55,R007,15-Aug-18
C0243,101,110,R005,30-May-18
C0225,72,85,R005,9-Dec-18
C0179,70,0,R004,12-Jan-18
C0229,72,170,R001,28-Jan-18
C0068,85,0,R007,29-Jul-18
C0123,41,60,R007,2-Aug-18
C0248,54,95,R004,6-Sep-18
C0095,96,0,R003,22-Jan-18
C0242,81,95,R004,21-Jun-18
C0039,94,175,R002,2-Sep-18
C0123,92,185,R003,18-Aug-18
C0255,116,50,R007,21-Jun-18
C0065,89,0,R002,14-Mar-18
C0021,70,110,R002,23-Aug-18
C0273,83,125,R004,10-Mar-18
C0200,73,50,R006,28-Dec-18
C0092,94,165,R006,21-Mar-18
C0167,102,65,R001,6-May-18
C0084,105,120,R007,30-Dec-18
C0277,80,120,R005,27-Sep-18
C0169,80,130,R002,1-Aug-18
C0131,79,0,R002,5-Apr-18
C0023,94,175,R002,14-Oct-18
C0134,83,95,R005,16-Jun-18
C0265,95,170,R003,23-Feb-18
C0111,99,165,R006,11-Aug-18
C0235,68,0,R003,6-Oct-18
C0249,87,160,R001,7-Mar-18
C0257,71,155,R002,28-Jul-18
C0156,79,130,R007,2-Nov-18
C0256,80,165,R007,20-Jul-18
C0283,90,135,R005,16-Jun-18
C0171,75,145,R002,20-Jan-18
C0189,84,90,R001,17-Nov-18
C0201,80,70,R002,21-Jan-18
C0200,116,85,R001,6-Jun-18
C0178,84,190,R005,26-Apr-18
C0163,75,120,R005,5-Apr-18
C0210,83,0,R003,22-Mar-18
C0015,109,170,R002,11-Feb-18
C0027,103,150,R003,2-Mar-18
C0131,69,0,R004,9-Dec-18
C0216,77,125,R001,29-Jun-18
C0068,93,0,R001,27-Apr-18
C0186,101,195,R007,17-Nov-18
C0053,91,200,R001,2-May-18
C0085,107,0,R005,28-Jun-18
C0010,106,150,R004,29-Apr-18
C0284,70,100,R007,25-Apr-18
C0238,68,170,R001,12-Jul-18
C0044,117,0,R007,19-Apr-18
C0158,112,70,R004,18-Jul-18
C0277,66,150,R004,1-Sep-18
C0223,106,165,R004,9-Sep-18
C0214,135,50,R006,15-Jul-18
C0276,105,55,R004,11-Nov-18
C0009,108,100,R003,1-Mar-18
C0169,82,165,R004,8-Jun-18
C0106,93,0,R004,18-Nov-18
C0290,85,125,R004,24-Oct-18
C0162,81,60,R001,24-Jun-18
C0165,95,95,R004,20-Jul-18
C0033,94,0,R004,6-Dec-18
C0225,74,170,R006,26-Sep-18
C0207,82,90,R003,29-Jan-18
C0292,83,0,R003,9-Dec-18
C0045,100,0,R001,30-Aug-18
C0161,109,0,R001,6-Apr-18
C0274,86,85,R006,28-Oct-18
C0073,76,0,R006,5-Jan-18
C0169,100,0,R002,1-Jan-18
C0245,111,195,R005,24-Nov-18
C0147,53,120,R005,18-Mar-18
C0165,75,160,R001,19-Feb-18
C0024,83,85,R007,7-Nov-18
C0137,90,180,R006,19-Aug-18
C0241,84,90,R002,4-Feb-18
C0297,115,115,R006,4-Jan-18
C0119,111,60,R006,7-Jan-18
C0273,106,110,R001,6-Sep-18
C0008,58,0,R007,6-Oct-18
C0284,84,135,R002,28-Mar-18
C0092,52,0,R002,29-Dec-18
C0268,74,120,R007,15-Dec-18
C0255,109,55,R003,30-Mar-18
C0236,74,0,R001,4-Apr-18
C0054,114,130,R001,19-Jul-18
C0296,62,145,R002,7-Jul-18
C0198,127,95,R005,9-Dec-18
C0245,82,60,R005,16-Aug-18
C0201,84,0,R002,17-Aug-18
C0193,84,130,R005,9-Jun-18
C0217,100,90,R006,13-Oct-18
C0041,70,0,R003,9-Mar-18
C0116,62,145,R004,23-Nov-18
C0191,111,115,R005,23-Aug-18
C0134,100,200,R005,23-Sep-18
C0078,116,170,R004,18-Nov-18
C0073,69,165,R003,26-Aug-18
C0239,104,0,R006,11-Apr-18
C0223,129,195,R002,21-Jan-18
C0150,95,200,R005,11-Aug-18
C0263,66,90,R004,7-Jan-18
C0164,66,95,R002,24-Feb-18
C0251,96,80,R001,5-May-18
C0155,108,0,R007,17-Feb-18
C0045,107,120,R002,31-Aug-18
C0165,74,65,R003,16-Nov-18
C0042,77,125,R007,21-Jul-18
C0096,101,60,R006,1-Sep-18
C0208,86,65,R006,17-Oct-18
C0158,107,170,R001,24-Nov-18
C0034,93,130,R002,15-Apr-18
C0068,94,0,R002,26-Dec-18
C0223,56,0,R003,4-Jul-18
C0048,103,95,R002,24-Aug-18
C0292,87,0,R004,22-Jun-18
C0033,98,155,R006,1-Jul-18
C0016,71,0,R004,24-Jun-18
C0232,102,135,R001,23-May-18
C0194,73,115,R007,29-Apr-18
C0218,122,165,R005,3-Feb-18
C0186,103,150,R001,5-May-18
C0152,125,80,R004,14-Mar-18
C0164,68,0,R002,4-Oct-18
C0269,85,70,R004,21-Jul-18
C0161,60,115,R003,26-Aug-18
C0232,79,80,R007,23-Mar-18
C0178,56,130,R003,12-Feb-18
C0065,49,0,R004,19-Sep-18
C0250,79,0,R001,9-Nov-18
C0077,108,135,R004,23-Mar-18
C0275,86,155,R001,29-Jan-18
C0015,82,135,R001,8-Apr-18
C0045,71,160,R005,22-Mar-18
C0258,80,110,R006,12-Dec-18
C0239,73,200,R006,2-May-18
C0033,100,195,R003,14-Sep-18
C0046,96,105,R004,2-Dec-18
C0069,77,160,R001,25-Mar-18
C0178,93,70,R002,13-Jul-18
C0257,84,130,R006,15-Dec-18
C0035,54,60,R001,9-Sep-18
C0133,72,80,R001,17-Mar-18
C0120,92,90,R004,10-Oct-18
C0134,67,170,R003,15-Aug-18
C0093,108,70,R004,9-Sep-18
C0120,92,155,R007,27-Jun-18
C0297,88,135,R001,10-Feb-18
C0078,99,120,R005,26-Sep-18
C0061,40,190,R002,20-Dec-18
C0230,118,60,R001,24-Mar-18
C0051,72,115,R005,14-Jun-18
C0118,83,110,R007,23-Feb-18
C0067,59,105,R002,18-Aug-18
C0273,88,100,R001,6-Sep-18
C0284,107,180,R004,17-Aug-18
C0280,105,120,R007,30-May-18
C0030,118,115,R006,15-Jun-18
C0123,84,75,R003,21-Jan-18
C0240,111,60,R007,14-Mar-18
C0089,92,50,R001,26-Jul-18
C0173,70,85,R002,3-Aug-18
C0134,75,0,R002,15-Nov-18
C0240,92,0,R003,5-May-18
C0205,111,160,R005,9-Nov-18
C0271,76,115,R003,17-Oct-18
C0069,149,155,R004,9-Aug-18
C0208,74,135,R001,28-Sep-18
C0256,93,195,R007,14-Jun-18
C0298,117,50,R001,19-Dec-18
C0100,106,105,R004,11-Nov-18
C0035,101,125,R001,14-Oct-18
C0160,83,0,R004,1-Feb-18
C0052,97,60,R001,6-Jun-18
C0226,101,55,R005,21-Jun-18
C0206,81,0,R001,23-Aug-18
C0186,87,50,R007,4-May-18
C0146,65,0,R006,31-Aug-18
C0223,85,145,R001,27-Dec-18
C0242,70,110,R005,13-Jan-18
C0134,102,130,R007,21-Sep-18
C0112,85,50,R006,13-May-18
C0163,101,180,R002,27-Jul-18
C0246,93,0,R005,7-Oct-18
C0110,106,0,R001,1-Nov-18
C0165,114,200,R007,29-Nov-18
C0080,104,0,R002,16-Nov-18
C0053,75,120,R006,4-Aug-18
C0283,77,70,R006,19-Apr-18
C0256,66,140,R001,26-Oct-18
C0150,113,0,R005,1-Mar-18
C0067,64,115,R003,29-Sep-18
C0074,56,55,R003,29-Jul-18
C0095,87,125,R003,17-Mar-18
C0152,108,185,R004,2-Jun-18
C0146,90,100,R005,23-Nov-18
C0025,94,200,R006,4-Aug-18
C0185,69,170,R002,25-Jul-18
C0095,92,0,R005,28-Nov-18
C0052,100,155,R001,22-Jan-18
C0250,92,125,R001,20-Jul-18
C0157,90,0,R003,4-Apr-18
C0134,55,150,R007,27-Sep-18
C0149,73,130,R004,24-Oct-18
C0001,129,75,R004,12-Oct-18
C0273,84,0,R006,11-Oct-18
C0173,97,175,R006,14-Apr-18
C0118,70,0,R004,20-May-18
C0211,54,180,R002,24-Mar-18
C0295,133,140,R003,19-Feb-18
C0044,103,50,R002,2-Nov-18
C0200,56,145,R001,10-Nov-18
C0199,79,0,R005,17-May-18
C0196,80,180,R001,1-Jan-18
C0219,86,0,R006,14-Sep-18
C0106,96,135,R004,31-Mar-18
C0300,77,195,R007,15-Jul-18
C0168,80,0,R007,21-Jan-18
C0268,99,120,R004,17-Aug-18
C0079,47,145,R003,12-Feb-18
C0267,124,175,R006,18-Oct-18
C0254,60,130,R003,12-Sep-18
C0124,102,110,R005,17-Aug-18
C0191,93,160,R005,26-Feb-18
C0258,90,85,R005,11-Apr-18
C0212,74,0,R006,19-Oct-18
C0018,48,155,R006,19-Feb-18
C0180,111,190,R005,7-Oct-18
C0062,73,70,R004,23-Aug-18
C0185,99,65,R005,24-Feb-18
C0229,104,125,R001,25-Jan-18
